Week,5.x,6.x,7.x,8.x,8.0.x,8.1.x,8.2.x,8.3.x,8.4.x,8.5.x,8.6.x,8.7.x,8.8.x,8.9.x,9.0.x,9.1.x,9.2.x,9.3.x,9.4.x,9.5.x,10.0.x,10.1.x,10.2.x,10.3.x,10.4.x,10.5.x,10.6.x,11.x,11.0.x,11.1.x,11.2.x,Total
"June 22, 2025",174,8607,232361,1,1244,449,887,1341,869,3349,5265,5704,6787,31181,1301,2994,4822,10171,12270,54052,5991,11784,23663,43249,162617,31683,505,8013,3122,34442,13492,722390
"June 15, 2025",179,8094,234064,1,1190,447,874,1336,876,3338,5314,5740,6612,30270,1288,2985,4858,10142,12224,54474,5972,11609,23800,45203,175254,8600,501,7052,3130,41451,4767,711645
"June 8, 2025",174,8096,235454,1,993,456,869,1316,870,3313,5191,5608,6554,30078,1277,2935,4777,10085,12115,53459,5974,11287,23575,47513,181925,673,338,4836,3213,42805,1572,707332
"June 1, 2025",182,8392,237133,1,982,440,870,1374,867,3340,5280,5703,6569,29829,1325,2984,4795,10010,12245,52497,6059,11129,24139,49129,181440,516,359,5037,3288,40720,1622,708256
"May 25, 2025",180,8499,238776,1,1009,453,893,1319,877,3347,5116,5687,6661,29731,1316,2952,4806,10109,12117,51942,6031,11160,24040,51443,179969,495,258,5987,3231,37351,1336,707092
"May 18, 2025",179,8175,238828,1,970,437,890,1301,871,3403,5244,5735,6563,29590,1346,3042,4768,10205,12264,52248,6007,11179,24881,53481,171688,505,0,7507,3258,37372,1348,703286
"May 11, 2025",188,8497,240868,1,831,456,884,1260,875,3425,5353,5751,6558,30515,1334,2961,4827,10065,12363,54365,6071,11328,25811,54207,175782,193,0,8009,3280,37255,756,714069
"May 4, 2025",196,8875,240242,1,991,457,919,1334,917,3530,5431,5793,6763,30028,1350,2992,4792,10200,12230,54019,6164,11353,25968,55556,169530,256,0,9957,3598,35640,0,709082
"April 27, 2025",184,8641,241307,1,887,465,901,1316,887,3426,5339,5770,6763,29983,1334,2966,4785,10204,12351,53271,6133,11485,26347,55840,160291,194,0,9437,3574,30609,0,694691
"April 20, 2025",184,8938,244163,1,912,456,910,1355,921,3562,5589,5787,6907,30548,1342,3109,4850,10625,12497,55099,6424,11816,27157,62813,166242,145,0,7017,3874,31378,0,714621
"April 13, 2025",175,9031,243884,1,1275,488,899,1383,937,3633,5583,5958,6882,30919,1361,3079,4988,10778,12743,54351,6349,12367,27742,66523,153939,277,0,9638,3888,29746,0,708817
"April 6, 2025",187,9878,247132,1,1048,470,939,1407,931,3587,5601,6528,6901,31159,1341,3149,4982,10717,12830,55175,6381,12864,29085,70101,166022,217,0,6944,3959,30142,0,729678
"March 30, 2025",165,9093,245554,1,1141,462,891,1326,887,3442,5439,6282,6793,31103,1296,3065,4907,10449,12722,56052,6504,12977,29239,76698,159317,225,0,8541,4008,29772,0,728351
"March 23, 2025",181,11060,248063,1,1097,469,905,1347,915,3511,5586,5945,6974,31532,1348,3172,4994,10592,12903,56216,6528,13089,30197,83363,151900,135,0,8385,4154,26491,0,731053
"March 16, 2025",176,10894,247770,1,1319,437,904,1363,892,3507,5530,5878,6887,31000,1345,3098,5020,10739,12949,57525,6763,12897,30947,88692,167354,323,0,9522,4516,27946,0,756194
"March 9, 2025",191,13405,248486,1,1208,487,927,1385,925,3569,5661,6020,7064,31581,1388,3248,5125,10921,13310,57171,6847,13131,32329,88968,137746,330,0,8043,4547,23516,0,727530
"March 2, 2025",179,11448,251853,1,1210,467,898,1330,910,3416,5574,5922,6959,31457,1355,3205,5064,10770,13330,57985,6871,13470,33877,94422,137759,263,0,8447,4483,22665,0,735590
"February 23, 2025",185,10952,254273,1,1042,476,924,1454,955,3587,5735,6126,7171,32245,1415,3301,5137,11214,13711,58268,7038,13926,35433,106155,127802,239,0,6069,4804,21750,0,741388
"February 16, 2025",177,11143,254383,1,1083,485,930,1406,928,3601,5834,6198,7220,32436,1463,3329,5234,11610,14005,58398,7308,14366,37042,123923,139637,330,0,5492,5360,22377,0,775699
"February 9, 2025",168,10467,259865,1,1096,483,950,1440,968,3628,5905,6244,7400,32586,1468,3379,5245,11694,14140,59437,7300,15017,38694,116258,99428,238,0,6224,5278,19243,0,734244
"February 2, 2025",173,9523,260745,1,1244,504,935,1414,944,3654,5981,6167,7162,32776,1443,3385,5223,11496,14090,59049,7232,15018,40440,122450,92228,263,0,7031,5501,18587,0,734659
"January 26, 2025",173,9419,260140,1,1138,496,961,1438,958,3652,5844,6206,7248,32762,1436,3345,5241,11718,14333,59410,7336,15304,41142,131183,74521,257,0,6018,5505,16220,0,723405
"January 19, 2025",164,9492,260748,1,1122,477,909,1355,905,3449,5641,6019,7147,31970,1360,3221,5049,11319,13911,60812,7380,15359,42624,136132,63719,247,0,6476,5854,15348,0,718210
"January 12, 2025",186,11885,262222,1,1110,496,911,1368,920,3585,5700,6059,6970,32476,1394,3285,5189,11398,13817,60459,7217,15579,44977,142852,55392,277,0,6276,5989,15418,0,723408
"January 5, 2025",193,12286,266318,1,1229,481,926,1366,953,3624,5732,6535,7104,32576,1370,3352,5213,11524,14032,59808,7333,15746,45829,152358,51783,316,0,6728,6783,13062,0,734561
"December 29, 2024",172,11475,265873,1,1190,525,931,1365,944,3607,5615,6043,7001,31769,1393,3249,5143,11337,13558,56738,7154,14645,42349,136153,26755,257,0,5226,6466,8284,0,675218
"December 22, 2024",178,13631,260701,1,1117,507,906,1368,944,3579,5664,6095,7035,31913,1407,3273,5190,11261,13595,56238,7256,14815,41899,142002,20191,254,0,4479,6951,5598,0,668048
"December 15, 2024",161,10652,271182,1,1368,531,911,1402,972,3737,5746,6504,7307,33205,1436,3304,5336,11748,14290,59984,7790,16245,48688,179681,15237,323,0,6487,9811,6499,0,730538
"December 8, 2024",184,11637,276846,1,1402,554,958,1434,993,3784,5996,6713,7522,33778,1497,3552,5480,12193,14857,62483,8069,17622,53631,193474,1375,500,0,5142,11168,2819,0,745664
"December 1, 2024",176,13842,285808,1,1257,559,966,1437,984,3852,5978,6474,7486,33864,1503,3505,5469,12341,14881,62800,8115,18212,56333,195166,1117,430,0,4498,10715,3271,0,761040
"November 24, 2024",173,9673,279299,1,1629,565,972,1447,989,3827,6022,6537,7360,33911,1493,3473,5460,12182,14611,61270,7697,17961,57476,194647,1272,624,0,5941,10837,2466,0,749815
"November 17, 2024",160,9666,287824,1,1802,542,935,1422,1008,3784,6017,6457,7264,34032,1511,3448,5446,12400,14876,66184,7874,18995,66791,218147,1347,775,0,6381,11709,1511,0,798309
"November 10, 2024",167,11471,277591,1,1520,512,976,1445,993,3786,5970,6467,7435,34349,1513,3493,5522,12341,14768,65045,7909,19380,65586,179429,859,395,0,6023,10694,950,0,746590
"November 3, 2024",176,9124,279071,1,1320,513,1012,1484,1048,3802,6209,6899,7445,34696,1513,3497,5578,12604,15217,67039,8113,20129,69737,172026,879,446,0,4420,9301,571,0,743870
"October 27, 2024",172,8966,278307,1,1238,485,949,1476,1013,3736,6131,6571,7284,33927,1491,3427,5473,12148,15032,64880,7741,19770,71913,149084,1144,211,0,4931,7813,141,0,715455
"October 20, 2024",165,8418,278744,1,1477,509,965,1460,1052,3781,6331,6561,7416,34536,1556,3561,5552,12415,15318,68046,8012,20601,80541,153057,1459,0,0,4199,7714,0,0,733447
"October 13, 2024",160,7934,282548,1,1219,526,981,1499,1045,3846,6169,6638,7470,34981,1550,3563,5740,12855,15948,68955,8264,21341,86303,147208,1208,0,0,2300,7591,0,0,737843
"October 6, 2024",164,8253,283627,1,1514,495,961,1452,1038,3764,6183,6522,7316,34360,1536,3479,5646,12343,15597,65204,7939,21009,84658,150253,1215,0,0,2998,6953,0,0,734480
"September 29, 2024",158,8273,281000,1,1450,508,944,1426,1040,3717,5957,6478,7249,34363,1513,3392,5594,12436,15413,64946,7840,21772,86544,138518,900,0,0,3040,6848,0,0,721320
"September 22, 2024",160,7980,282659,1,1342,515,985,1432,1040,3682,6077,6510,7375,34210,1507,3411,5718,12579,15542,65053,8049,21971,88322,126707,813,0,0,3151,5718,0,0,712509
"September 15, 2024",148,7980,286626,1,1101,527,1003,1474,1036,3797,6200,6638,7494,34908,1539,3526,5856,12955,16029,68135,8084,23273,96839,128986,761,0,0,2424,5194,0,0,732534
"September 8, 2024",176,11018,290260,1,1190,547,1016,1510,1074,3936,6305,6716,7593,35474,1608,3637,5838,12639,16099,68252,8416,23711,102744,126331,759,0,0,2383,5224,0,0,744457
"September 1, 2024",154,8099,291386,1,1130,558,1080,1561,1086,3969,6381,6758,7651,35864,1604,3603,5963,12938,16330,68831,8422,24276,105193,109152,603,0,0,2273,3918,0,0,728784
"August 25, 2024",158,7950,290545,1,1132,541,1055,1506,1086,4007,6502,6857,7664,36111,1624,3641,5986,13081,16576,69901,8481,25568,110413,99523,605,0,0,2963,3322,0,0,726799
"August 18, 2024",145,7959,291229,1,1439,564,1045,1560,1090,4017,6395,6823,7705,36265,1632,3644,5995,12835,16445,70391,8336,25054,111305,94789,704,0,0,3682,3085,0,0,724134
"August 11, 2024",156,8018,294745,1,1248,545,1081,1519,1084,4065,6454,6921,7711,36258,1595,3671,6057,13040,16736,68534,8582,26135,114947,92887,353,0,0,3119,2601,0,0,728063
"August 4, 2024",150,8062,296441,1,1422,563,1046,1506,1073,4008,6525,6887,7652,35498,1642,3666,6059,13165,16909,70028,8665,26762,121013,84762,421,0,0,1796,2124,0,0,727846
"July 28, 2024",161,8025,297344,1,1574,556,1092,1505,1094,4019,6726,7020,7859,37331,1622,3715,6147,13290,16952,72213,8852,28176,126853,71648,532,0,0,1956,1007,0,0,727270
"July 21, 2024",181,11499,296190,1,1665,549,1050,1492,1086,3997,6401,6953,7759,37048,1615,3685,5998,13099,16899,72979,8622,28426,136342,63856,501,0,0,2247,505,0,0,730645
"July 14, 2024",147,8037,271528,1,1752,501,962,1357,993,3625,5984,6417,7309,34824,1472,3353,5690,12607,16473,68350,8218,27893,127788,53709,447,0,0,1997,411,0,0,671845
"July 7, 2024",121,6512,225409,1,881,425,807,1130,897,3047,5116,5659,6335,29738,1218,2830,5007,10756,13938,60386,6989,25153,114458,35983,184,0,0,757,196,0,0,563933
"June 30, 2024",162,8366,311175,1,1860,566,1109,1588,1155,4214,6726,7575,8476,39825,1673,3805,6509,14185,18646,79248,8997,35139,156225,45614,307,0,0,1773,287,0,0,765206
"June 23, 2024",164,8358,306160,1,1552,578,1104,1592,1166,4322,6748,7798,8238,38404,1707,3876,6446,13996,18764,79099,9082,36193,169677,31041,394,0,0,1285,362,0,0,758107
"June 16, 2024",165,8705,309328,1,1670,629,1103,1673,1161,4259,6870,7892,8352,38437,1677,3960,6507,14086,18872,79541,8976,37431,183651,8823,369,0,0,1228,447,0,0,755813
"June 9, 2024",171,8580,313698,1,1697,587,1123,1654,1205,4286,6778,7362,8294,38338,1708,3925,6440,13899,18722,85740,9181,38927,184029,1679,354,0,0,1335,347,0,0,760060
"June 2, 2024",178,9083,319401,1,1652,616,1147,1665,1229,4352,6958,7531,8403,39288,1716,4031,6578,14436,19176,87530,9417,41828,174003,1730,364,0,0,1274,245,0,0,763832
"May 26, 2024",163,9695,315469,1,1851,662,1162,1724,1227,4542,7103,7665,8584,39610,1745,4121,6773,14557,19583,87701,9472,43071,162103,1460,463,0,0,1354,360,0,0,752221
"May 19, 2024",147,8836,280302,1,1689,570,1037,1550,1135,4011,6529,7006,7887,35734,1627,3756,6169,13387,18252,81867,8792,41971,146581,1215,471,0,0,1209,281,0,0,682012
"May 12, 2024",161,9908,311404,1,1624,627,1140,1702,1221,4457,7104,7656,8547,39342,1779,4090,6683,14659,19955,90243,9623,46902,160127,944,827,0,0,1315,246,0,0,752287
"May 5, 2024",162,8954,300143,1,2276,610,1137,1621,1177,4502,6833,7321,8185,37356,1708,3975,6337,14217,19285,86433,9618,45461,151307,1059,978,0,0,896,1035,0,0,722587
"April 28, 2024",175,10210,316843,1,2973,616,1164,1702,1206,4450,7104,7924,8556,39350,1767,4124,6660,14782,20152,91375,9832,49005,154744,1506,724,0,0,1686,179,0,0,758810
"April 21, 2024",174,10983,317865,1,3118,613,1137,1661,1201,4469,7231,8451,8556,39472,1747,4085,6822,15052,20743,95005,10173,50928,145807,1455,0,0,0,1736,0,0,0,758485
"April 14, 2024",170,10035,322753,1,3354,629,1173,1739,1222,4594,7230,8393,8567,39884,1788,4088,6896,15143,21123,96842,10469,53874,141013,1580,0,0,0,2021,0,0,0,764581
"April 7, 2024",161,9050,322821,1,2948,617,1203,1716,1237,4574,7289,7883,8679,39821,1794,4133,6878,15311,20949,96456,11099,54936,137133,1394,0,0,0,3455,0,0,0,761538
"March 31, 2024",167,9068,325683,1,3108,628,1208,1743,1260,4624,7489,7941,8904,40512,1846,4201,7085,15862,21653,98009,11217,56736,139444,1427,0,0,0,3641,0,0,0,773457
"March 24, 2024",172,9283,321479,1,2297,671,1226,1755,1252,4729,7511,8029,8933,40981,1900,4291,7154,15739,21628,99478,11365,57255,123928,1562,0,0,0,3876,0,0,0,756495
"March 17, 2024",170,8910,330883,1,1927,667,1230,1803,1262,4803,7543,8170,9068,41721,1927,4370,7256,16056,22193,104322,11693,60991,122993,1525,0,0,0,4459,0,0,0,775943
"March 10, 2024",173,9143,330275,1,2015,691,1210,1775,1244,4727,7533,8184,8955,41192,1899,4371,7264,15978,22048,103148,11635,62212,120770,1580,0,0,0,3791,0,0,0,771814
"March 3, 2024",174,9265,338172,1,2916,690,1246,1827,1287,4792,7670,8443,9180,42921,1934,4564,7622,16674,23208,111149,12124,65986,119927,1980,0,0,0,5490,0,0,0,799242
"February 25, 2024",161,9216,333528,1,2922,713,1238,1857,1307,4800,7847,8495,9257,42825,1927,4462,7708,16629,23607,110753,12087,68883,106467,1945,0,0,0,5259,0,0,0,783894
"February 18, 2024",167,9981,332005,1,2135,724,1268,1808,1293,4821,7712,8515,9174,42525,1918,4490,7589,16576,23380,111927,12026,71169,101445,580,0,0,0,4145,0,0,0,777374
"February 11, 2024",170,10356,336476,1,2153,746,1281,1809,1296,4817,7767,8445,9251,42372,1978,4522,7551,16772,23476,113863,12393,73478,96024,0,0,0,0,4776,0,0,0,781773
"February 4, 2024",178,10444,341128,1,1963,714,1290,1863,1301,4933,7829,8650,9375,43362,1997,4588,7875,16881,24347,115642,12850,77668,92167,0,0,0,0,4230,0,0,0,791276
"January 28, 2024",165,9457,342426,1,1727,719,1287,1903,1349,5097,8031,8738,9437,44012,1988,4674,8015,17447,25305,121690,13863,85397,79481,0,0,0,0,3386,0,0,0,795595
"January 21, 2024",165,9363,338269,1,1595,699,1272,1881,1285,4964,7898,8571,9338,43050,1951,4602,7958,17249,24906,117953,14379,93549,71852,0,0,0,0,3219,0,0,0,785969
"January 14, 2024",172,10355,340479,1,1871,729,1251,1857,1307,4959,7893,8494,9249,42828,1924,4588,7865,17212,24846,121138,14703,104617,70129,0,0,0,0,3799,0,0,0,802266
"January 7, 2024",190,11031,348200,1,1978,743,1341,1961,1385,5183,8125,8766,9573,44057,2054,4869,8172,18128,25860,125170,16162,102257,45445,0,0,0,0,3845,0,0,0,794496
"December 31, 2023",187,10313,343560,1,1827,712,1295,1917,1343,5103,7970,8690,9498,43034,1998,4811,8010,17781,24463,116482,14764,94599,31614,0,0,0,0,3877,0,0,0,753849
"December 24, 2023",163,9865,337558,1,1246,727,1306,1899,1355,5165,7926,8693,9490,42877,1979,4850,7972,17688,23984,109963,14222,86771,20252,0,0,0,0,2411,0,0,0,718363
"December 17, 2023",169,9921,348225,1,2094,740,1307,1920,1365,5157,8120,8779,9680,44319,1990,5043,8191,18361,25877,126510,16040,114816,20664,0,0,0,0,4641,0,0,0,783930
"December 10, 2023",175,14816,356546,1,2545,784,1370,1970,1384,5250,8256,8916,9749,44342,2032,4860,8385,18730,26577,132427,17780,129282,3193,0,0,0,0,6057,0,0,0,805427
"December 3, 2023",177,19629,365393,1,2602,707,1341,1927,1392,5313,8252,8926,9703,44313,1986,4785,8414,18785,26727,134717,18091,128119,1538,0,0,0,0,6021,0,0,0,818859
"November 26, 2023",178,12706,358986,1,2574,691,1330,1946,1385,5155,8170,8975,9718,44388,2010,4789,8520,19036,27110,139733,18379,113836,1442,0,0,0,0,6232,0,0,0,797290
"November 19, 2023",174,10035,354429,1,2996,736,1348,1909,1398,5202,8296,8994,9757,45185,2020,4827,8877,19050,27525,141217,18481,105416,1778,0,0,0,0,6735,0,0,0,786386
"November 12, 2023",168,9924,362887,1,3575,749,1359,1932,1434,5255,8267,9020,9852,45907,2086,4903,8708,19116,28372,150700,18540,108428,1745,0,0,0,0,8012,0,0,0,810940
"November 5, 2023",181,9874,361773,1,3650,759,1380,1959,1404,5277,8431,9148,9999,46638,2111,4957,8882,19530,29374,158847,19170,106096,1786,0,0,0,0,9016,0,0,0,820243
"October 29, 2023",180,9922,360977,1,3241,802,1392,1963,1431,5235,8612,9245,9968,46480,2110,4899,8832,19639,29749,164021,19052,91148,1177,0,0,0,0,8618,0,0,0,808694
"October 22, 2023",181,10152,366649,1,4737,888,1389,1964,1409,5271,8514,9321,10096,47536,2082,5030,9011,20070,30714,174382,18637,78062,1759,0,0,0,0,23983,0,0,0,831838
"October 15, 2023",170,9437,345767,1,3826,883,1304,1907,1345,4931,8145,8848,9655,44598,1984,4873,8550,19679,29612,167417,17482,62914,2023,0,0,0,0,10825,0,0,0,766176
"October 8, 2023",171,9995,366344,1,3538,840,1389,1980,1405,5172,8526,9197,10117,47029,2091,5099,9035,20423,32089,182061,18618,63260,997,0,0,0,0,9762,0,0,0,809139
"October 1, 2023",178,10052,369647,1,3062,753,1381,2007,1415,5165,8564,9227,10019,46986,2135,5067,9077,20494,32058,189623,19198,59205,0,0,0,0,0,9262,0,0,0,814576
"September 24, 2023",189,9976,380832,1,3299,788,1370,1999,1395,5208,8454,9487,10221,48004,2119,5085,9038,20623,33164,197187,19559,54174,0,0,0,0,0,10048,0,0,0,832220
"September 17, 2023",179,10071,383805,1,3034,773,1385,1951,1426,5150,8416,9326,10070,46837,2106,5116,9037,20869,33526,211788,20165,52143,0,0,0,0,0,9151,0,0,0,846325
"September 10, 2023",177,10136,388905,1,3235,759,1465,2063,1463,5348,8743,9578,10368,48217,2230,5236,9448,21546,34713,185299,19632,42470,0,0,0,0,0,10332,0,0,0,821364
"September 3, 2023",179,10102,389186,1,2417,805,1492,2084,1528,5497,8773,9783,10425,48684,2262,5489,9600,22102,36367,182212,20051,38887,0,0,0,0,0,5216,0,0,0,813142
"August 27, 2023",184,10594,382070,1,2175,799,1458,2116,1543,5477,8828,9800,10546,49646,2249,5384,9564,22228,36464,183712,19637,33900,0,0,0,0,0,56,0,0,0,798431
"August 20, 2023",178,10340,379546,1,1646,795,1421,2116,1481,5497,8743,9812,10530,49416,2224,5409,9641,22792,37232,182795,19513,32268,0,0,0,0,0,49,0,0,0,793445
"August 13, 2023",188,10135,378336,1,1241,799,1456,2117,1510,5472,8837,10216,10493,49161,2278,5363,9626,22775,37382,183046,19530,28754,0,0,0,0,0,36,0,0,0,788752
"August 6, 2023",201,10556,397834,1,1282,850,1533,2245,1649,5857,9430,11445,11844,57003,2308,5683,11296,26274,44019,197610,21488,28385,0,0,0,0,0,27,0,0,0,848820
"July 30, 2023",181,10372,382086,1,1313,802,1413,2060,1520,5497,8769,10680,10401,49241,2235,5348,9692,23261,39099,184521,20943,26297,0,0,0,0,0,22,0,0,0,795754
"July 23, 2023",179,10333,383194,1,1680,825,1448,2141,1548,5636,9058,10077,10737,50205,2329,5564,9937,23499,40493,183454,21748,22527,0,0,0,0,0,1581,0,0,0,798194
"July 16, 2023",194,10409,384807,1,1772,934,1473,2161,1580,5709,9264,9990,10837,50926,2342,5683,10071,24761,41872,184307,22690,20349,0,0,0,0,0,7160,0,0,0,809292
"July 9, 2023",193,10503,392978,1,1576,915,1536,2217,1576,5734,9272,10143,11033,51597,2333,5732,10419,25021,44390,186913,24954,18181,0,0,0,0,0,5875,0,0,0,823092
"July 2, 2023",190,10344,391767,1,1610,845,1442,2167,1558,5625,9071,10094,10847,51152,2325,5563,10190,25007,44992,188538,26156,15352,0,0,0,0,0,5746,0,0,0,820582
"June 25, 2023",195,10486,394303,1,1566,839,1444,2126,1567,5607,8922,10017,10910,51488,2398,5638,10325,24879,46111,185003,27569,11750,0,0,0,0,0,5315,0,0,0,818459
"June 18, 2023",193,10481,390421,1,1614,833,1423,2137,1539,5537,8830,9932,10711,51070,2377,5594,10244,25163,47361,184476,31351,6398,0,0,0,0,0,4665,0,0,0,812351
"June 11, 2023",216,14836,395861,1,1871,851,1426,2188,1506,5663,8912,10085,10847,51471,2400,5688,10814,25499,50477,181405,31524,4535,0,0,0,0,0,4764,0,0,0,822840
"June 4, 2023",195,10571,401817,1,1540,883,1420,2228,1555,5694,9222,10333,11102,52230,2439,5755,10882,26094,55898,172524,29997,4528,0,0,0,0,0,3241,0,0,0,820149
"May 28, 2023",193,10599,396882,1,1327,908,1494,2280,1563,5833,9320,10574,11262,53079,2473,5940,11079,26951,59424,171664,28903,4311,0,0,0,0,0,2071,0,0,0,818131
"May 21, 2023",205,11042,403189,1,1536,964,1513,2311,1575,6040,9458,10657,11407,53682,2421,5996,11446,28115,61486,175051,28502,5090,0,0,0,0,0,2073,0,0,0,833760
"May 14, 2023",197,10818,405029,1,1327,900,1543,2327,1615,6029,9474,10585,11544,53974,2509,6174,11652,28105,63669,172316,27546,5104,0,0,0,0,0,757,0,0,0,833195
"May 7, 2023",188,10710,403981,1,1464,925,1520,2318,1647,5948,9411,10621,11490,53838,2470,6100,11650,28633,65901,174227,26990,5650,0,0,0,0,0,829,0,0,0,836512
"April 30, 2023",196,10850,409087,1,1575,886,1503,2285,1603,5959,9443,10580,11560,53896,2517,6131,11721,28848,67313,172158,25834,6224,0,0,0,0,0,0,0,0,0,840170
"April 23, 2023",208,15051,425104,1,1406,915,1522,2317,1650,5893,9880,10806,11755,54939,2595,6346,11775,29896,71933,173177,25018,5646,0,0,0,0,0,0,0,0,0,867833
"April 16, 2023",189,10771,434167,1,1427,892,1529,2398,1657,6082,9938,11062,11996,56074,2646,6511,12237,30523,76097,182217,25318,5870,0,0,0,0,0,0,0,0,0,889602
"April 9, 2023",186,10266,384133,1,1462,837,1459,2221,1549,5762,9311,10383,11451,52825,2529,5998,11645,29354,69417,140846,19231,5608,0,0,0,0,0,0,0,0,0,776474
"April 2, 2023",189,10783,411219,1,1738,878,1565,2395,1646,6101,9910,11168,12303,56512,2757,6518,12408,31630,77306,150770,21184,7225,0,0,0,0,0,0,0,0,0,836206
"March 26, 2023",198,11027,422262,1,1963,840,1615,2440,1712,6156,9949,11394,12549,57690,2826,6621,12775,32807,82186,163428,22966,7889,0,0,0,0,0,0,0,0,0,871294
"March 19, 2023",228,15266,431016,1,2101,871,1544,2445,1695,6210,10075,11616,13056,58294,2811,6689,12904,33098,87320,157898,20539,8382,0,0,0,0,0,0,0,0,0,884059
"March 12, 2023",187,11065,438713,1,2085,896,1587,2422,1699,6160,10092,12527,12864,58596,2694,6787,13003,33790,89667,166375,19968,9449,0,0,0,0,0,0,0,0,0,900627
"March 5, 2023",198,11133,412206,1,1962,902,1623,2489,1754,6302,10269,11636,13230,59239,2837,6830,13467,34969,89715,137101,17787,8870,0,0,0,0,0,0,0,0,0,844520
"February 26, 2023",192,11098,409442,1,2007,849,1582,2446,1670,6182,9992,11449,12895,58758,2733,6785,13555,35682,91850,135864,16735,9828,0,0,0,0,0,0,0,0,0,841595
"February 19, 2023",201,11076,414584,1,2271,887,1667,2540,1763,6346,10276,11730,13192,60097,2822,7140,14255,36432,94885,120887,14784,9904,0,0,0,0,0,0,0,0,0,837740
"February 12, 2023",187,11128,419668,1,2288,919,1672,2526,1743,6431,10454,11969,13194,60386,2823,7058,13847,37360,102491,119182,13639,10138,0,0,0,0,0,0,0,0,0,849104
"February 5, 2023",210,14208,425949,1,1819,877,1666,2623,1744,6342,10598,12504,13303,60902,2870,6982,14505,38715,108627,119537,12581,7739,0,0,0,0,0,0,0,0,0,864302
"January 29, 2023",200,11407,425874,1,1706,925,1667,2662,1788,6474,10726,11869,13315,61923,2920,7039,14802,39092,115490,112298,11914,6959,0,0,0,0,0,0,0,0,0,861051
"January 22, 2023",203,11428,421441,1,1375,873,1655,2602,1758,6316,10824,11907,13178,61402,2863,6955,14292,38878,123953,97653,9758,5282,0,0,0,0,0,0,0,0,0,844597
"January 15, 2023",206,11531,426713,1,1303,918,1665,2626,1766,6471,10848,12019,13328,62219,2846,7090,14525,40848,139056,93206,9617,4235,0,0,0,0,0,0,0,0,0,863037
"January 8, 2023",215,11533,431644,1,1185,871,1676,2620,1819,6448,10969,12133,13514,62291,2989,7235,14744,42126,143649,62863,8045,3592,0,0,0,0,0,0,0,0,0,842162
"January 1, 2023",206,11487,427314,1,1283,864,1641,2633,1791,6434,10743,11911,13229,61610,2915,7020,14656,41519,146377,53311,6995,3524,0,0,0,0,0,0,0,0,0,827464
"December 25, 2022",212,12003,415149,1,1033,866,1623,2650,1733,6278,10387,11547,12947,59316,2811,6911,13975,38831,135543,30007,4761,2823,0,0,0,0,0,0,0,0,0,771407
"December 18, 2022",214,11698,431651,1,1656,900,1652,2642,1809,6486,10663,11967,13505,62573,2921,7313,14851,43407,165120,30221,5768,5139,0,0,0,0,0,0,0,0,0,832157
"December 11, 2022",208,11553,445904,1,1573,940,1695,2633,1838,6510,10814,12164,13565,63604,2919,7257,15377,46727,197660,13242,4032,3896,0,0,0,0,0,0,0,0,0,864112
"December 4, 2022",209,11603,441095,1,1412,903,1698,2668,1844,6583,10900,12133,13701,65031,3000,7237,15538,47264,198957,3541,2884,3856,0,0,0,0,0,0,0,0,0,852058
"November 27, 2022",216,21337,436858,1,1650,928,1690,2685,1852,6622,11020,12424,13746,65914,3021,7273,16248,48724,189404,3411,2699,4147,0,0,0,0,0,0,0,0,0,851870
"November 20, 2022",208,21815,438063,1,1406,923,1715,2715,1836,6625,10955,12435,13785,66163,2905,7423,16338,49177,179087,3223,2564,3383,0,0,0,0,0,0,0,0,0,842745
"November 13, 2022",209,21781,445582,1,1595,940,1732,2731,1855,6591,11126,12889,13949,67407,2978,7428,16755,51587,181396,4731,3620,3040,0,0,0,0,0,0,0,0,0,859923
"November 6, 2022",220,21807,439372,1,1195,890,1657,2647,1797,6462,10833,12740,13562,67447,2973,7258,16613,52877,176834,3553,2274,1834,0,0,0,0,0,0,0,0,0,844846
"October 30, 2022",224,19832,444974,1,1165,987,1730,2780,1880,6721,11402,13442,14301,70161,3088,7712,17508,60230,175111,3066,2099,1494,0,0,0,0,0,0,0,0,0,859908
"October 23, 2022",216,20988,446573,1,1222,999,1753,2764,1946,6897,11673,13372,14407,70876,3108,7858,17735,61943,171167,3845,1726,1647,0,0,0,0,0,0,0,0,0,862716
"October 16, 2022",216,21973,452134,1,1297,1013,1772,2802,1921,6987,11577,13598,14467,71915,3125,8063,18063,64919,174110,3658,1897,1834,0,0,0,0,0,0,0,0,0,877342
"October 9, 2022",216,22199,460660,1,1303,1012,1794,2800,1958,6983,11730,13510,14734,73630,3186,8130,19090,67414,173580,3403,2089,1917,0,0,0,0,0,0,0,0,0,891339
"October 2, 2022",224,22761,458726,0,1873,994,1779,2925,1941,7007,11774,13309,14697,72674,3136,8116,19599,70169,178863,5562,2635,2097,0,0,0,0,0,0,0,0,0,900861
"September 25, 2022",218,22203,456019,0,1960,982,1833,2964,1966,7094,11805,13462,14805,74102,3187,8475,20842,76182,186019,5615,2864,1577,0,0,0,0,0,0,0,0,0,914174
"September 18, 2022",221,22274,457507,1,1750,971,1783,2888,2004,7500,11649,13506,14883,74382,3170,8418,20747,73503,157477,5064,2359,1106,0,0,0,0,0,0,0,0,0,883163
"September 11, 2022",213,20048,432633,0,1679,931,1748,2736,1854,7005,11278,13080,14109,71084,3060,8281,20035,72024,129271,4468,2519,1034,0,0,0,0,0,0,0,0,0,819090
"September 4, 2022",226,22202,463211,0,1898,1004,1837,2977,1968,7841,11897,13857,14990,75397,3260,8607,21440,81159,132264,4929,2812,991,0,0,0,0,0,0,0,0,0,874767
"August 28, 2022",220,22296,462259,0,1982,997,1795,2997,1951,7749,11775,13530,14866,75808,3320,8650,21778,80880,130298,5789,2774,1242,0,0,0,0,0,0,0,0,0,872956
"August 21, 2022",217,19671,456013,0,1977,1003,1830,2879,1939,7810,11913,13609,15024,76172,3305,8574,22581,81856,128626,4979,2389,1349,0,0,0,0,0,0,0,0,0,863716
"August 14, 2022",229,12410,458158,1,1712,998,1866,2835,1946,7743,12020,13663,14961,76049,3359,8577,23132,85178,122178,4231,1703,845,0,0,0,0,0,0,0,0,0,853794
"August 7, 2022",225,12361,461003,1,1895,976,1771,2828,1891,7474,11818,13571,14891,77169,3246,8820,24392,87839,122245,4503,2014,1306,0,0,0,0,0,0,0,0,0,862239
"July 31, 2022",229,12580,467389,0,2065,982,1812,2766,1928,7710,11890,14069,15090,78943,3308,8783,25154,97378,128064,4145,2436,1741,0,0,0,0,0,0,0,0,0,888462
"July 24, 2022",226,18783,482077,0,1811,1021,1856,2853,2019,7909,12247,14232,15565,81257,3348,9232,25893,106969,116934,3613,2014,825,0,0,0,0,0,0,0,0,0,910684
"July 17, 2022",230,12426,496269,0,2144,1125,1860,2855,2055,7963,12621,13935,15931,82095,3394,9600,26618,117233,115703,4701,2446,1102,0,0,0,0,0,0,0,0,0,932306
"July 10, 2022",236,12471,468623,1,2339,1084,1869,2904,2062,7969,12424,14047,15599,81205,3440,9523,27175,121461,84632,4889,3410,1446,0,0,0,0,0,0,0,0,0,878809
"July 3, 2022",235,15206,468377,0,1850,1196,1840,3065,2362,8011,12324,14028,15771,82630,3618,9639,28330,126229,77751,3474,2236,715,0,0,0,0,0,0,0,0,0,878887
"June 26, 2022",236,12920,475783,0,2098,1119,1926,3079,2487,8240,12774,14367,16010,84016,3732,9835,29726,139570,62066,3928,3379,753,0,0,0,0,0,0,0,0,0,888044
"June 19, 2022",232,15959,448028,0,1560,1057,1765,2870,2099,7708,11931,13906,15216,80010,3458,9291,28946,147489,54648,8333,5742,0,0,0,0,0,0,0,0,0,0,860248
"June 12, 2022",260,17069,476257,1,1941,1147,2019,3046,2082,8271,12574,15137,15834,85239,3691,9764,32688,202581,37217,17770,17370,0,0,0,0,0,0,0,0,0,0,961958
"June 5, 2022",226,12177,460227,0,1620,1129,1903,2964,2021,7924,12320,13850,15467,83640,3562,9617,33459,193404,15674,12010,14246,0,0,0,0,0,0,0,0,0,0,897440
"May 29, 2022",239,12902,490471,0,1554,1219,2033,3126,2075,8152,12831,14638,16389,87415,3971,10192,34540,201480,12414,12288,11736,0,0,0,0,0,0,0,0,0,0,939665
"May 22, 2022",232,12963,482747,0,1674,1149,2118,3097,2139,8226,12908,14849,16464,88144,3868,10406,36960,200322,15854,14272,11567,0,0,0,0,0,0,0,0,0,0,939959
"May 15, 2022",238,12906,486688,0,1688,1134,2056,3078,2092,8127,12872,14750,16502,90184,3857,10281,37302,182687,18036,9799,12979,0,0,0,0,0,0,0,0,0,0,927256
"May 8, 2022",250,13003,493963,1,1844,1191,2038,3010,2253,8252,12973,14862,16812,91589,3920,10781,39480,183099,23652,9401,14806,0,0,0,0,0,0,0,0,0,0,947180
"May 1, 2022",244,13183,484290,0,1651,1142,2025,3008,2285,8166,12855,14950,16540,90671,3815,10772,40248,167458,21333,5700,11186,0,0,0,0,0,0,0,0,0,0,911522
"April 24, 2022",252,13184,489655,0,1807,1149,2141,3045,2302,8473,13210,15449,17215,92623,4084,11338,42636,180119,28042,1507,14412,0,0,0,0,0,0,0,0,0,0,942643
"April 17, 2022",250,12973,490655,1,1510,1136,2093,3123,2249,8465,13268,16293,17246,94784,4124,11631,44836,192478,21340,0,11245,0,0,0,0,0,0,0,0,0,0,949700
"April 10, 2022",249,13046,491580,1,1679,1134,2168,3130,2215,8602,13457,15523,17666,95170,4203,11537,43532,162262,28354,0,9198,0,0,0,0,0,0,0,0,0,0,924706
"April 3, 2022",244,13195,495025,0,1840,1127,2087,3207,2236,8612,13702,15865,17797,102194,4342,12118,46654,159935,32415,0,12775,0,0,0,0,0,0,0,0,0,0,945370
"March 27, 2022",248,13424,496210,0,1646,1148,2038,3161,2251,8546,13610,15823,17657,103487,4339,12110,47475,154026,26745,0,12631,0,0,0,0,0,0,0,0,0,0,936575
"March 20, 2022",279,17996,502412,0,1520,1087,1967,3149,2213,8500,13607,15771,17527,103961,4322,12171,54074,183407,21898,0,10577,0,0,0,0,0,0,0,0,0,0,976438
"March 13, 2022",263,13491,508567,1,1642,1112,2007,3221,2200,8594,13863,16021,17846,107526,4427,12490,53862,168993,24911,0,9583,0,0,0,0,0,0,0,0,0,0,970620
"March 6, 2022",257,13880,512769,0,1679,1155,2076,3295,2315,8699,14107,16213,18076,108524,4448,12563,56131,143271,24659,0,11848,0,0,0,0,0,0,0,0,0,0,955965
"February 27, 2022",233,12453,464918,0,1235,1042,1868,2928,2044,7943,12594,14735,16467,100896,3947,11203,51843,120045,17391,0,8461,0,0,0,0,0,0,0,0,0,0,852246
"February 20, 2022",266,13879,522581,0,2170,1133,2059,3225,2259,8740,13987,16226,18116,111967,4480,12638,57794,139607,36715,0,16653,0,0,0,0,0,0,0,0,0,0,984495
"February 13, 2022",266,13848,552430,1,1943,1182,2115,3384,2355,8963,14423,16684,18682,114395,4696,13402,64521,148117,30168,0,15746,0,0,0,0,0,0,0,0,0,0,1027321
"February 6, 2022",275,14075,513385,0,1864,1146,2130,3320,2345,8915,14392,16528,18606,115751,4608,13702,64127,124464,28731,0,14875,0,0,0,0,0,0,0,0,0,0,963239
"January 30, 2022",940,14253,527485,0,1915,1163,2135,3371,2365,8892,14499,16916,19060,119527,4733,14122,67228,117385,28110,0,17560,0,0,0,0,0,0,0,0,0,0,981659
"January 23, 2022",1514,14026,532879,0,1915,1203,2166,3350,2319,9023,14593,17032,18988,122085,4807,14186,71765,106280,25552,0,17831,0,0,0,0,0,0,0,0,0,0,981514
"January 16, 2022",271,14107,571129,0,1610,1190,2163,3396,2433,9096,14570,17245,19261,123882,4801,14983,81251,106304,21762,0,10235,0,0,0,0,0,0,0,0,0,0,1019689
"January 9, 2022",267,14306,534269,1,1414,1208,2184,3398,2420,9289,14934,17269,19510,126105,4996,15137,81131,79328,18457,0,7242,0,0,0,0,0,0,0,0,0,0,952865
"January 2, 2022",272,14338,525011,0,1503,1246,2229,3501,2402,9218,14996,17471,19381,125948,4969,15725,81061,72352,17003,0,10258,0,0,0,0,0,0,0,0,0,0,938884
"December 26, 2021",268,14377,510754,0,1482,1214,2120,3401,2376,9236,14616,17088,19246,118386,4801,14932,72698,51465,17230,0,8671,0,0,0,0,0,0,0,0,0,0,884361
"December 19, 2021",273,15137,516016,1,1502,1225,2170,3410,2462,9490,14871,17550,19634,129141,5017,15775,88370,53119,14450,0,5895,0,0,0,0,0,0,0,0,0,0,915508
"December 12, 2021",280,15813,543183,1,1483,1254,2237,3468,2488,9602,15437,18208,20578,140610,5143,16740,109340,49729,13134,0,7387,0,0,0,0,0,0,0,0,0,0,976115
"December 5, 2021",270,15989,536160,1,1150,1356,2201,3580,2497,9509,15451,18228,20887,142010,5293,17528,131296,20596,10521,0,2773,0,0,0,0,0,0,0,0,0,0,957296
"November 28, 2021",289,19581,540924,0,1085,1272,2231,3561,2501,9630,15552,18211,21248,148879,5467,17665,133596,11387,7097,0,2617,0,0,0,0,0,0,0,0,0,0,962793
"November 21, 2021",282,16114,529423,0,1345,1341,2317,3534,2561,9846,15630,18731,21268,150177,5411,18514,132564,18459,9136,0,0,0,0,0,0,0,0,0,0,0,0,956653
"November 14, 2021",273,16112,530154,1,1473,1288,2286,3552,2537,9602,15663,18561,21478,159653,5531,18548,139432,21877,9998,0,0,0,0,0,0,0,0,0,0,0,0,978019
"November 7, 2021",267,16207,532890,1,1341,1331,2322,3604,2592,9889,15986,18773,21785,152959,5682,18852,117357,19022,8360,0,0,0,0,0,0,0,0,0,0,0,0,949220
"October 31, 2021",275,16221,528304,1,1207,1278,2271,3531,2533,9433,15660,18457,21723,152391,5552,18712,112969,16246,5732,0,0,0,0,0,0,0,0,0,0,0,0,932496
"October 24, 2021",285,16537,537810,1,1332,1321,2366,3690,2572,9731,16158,19026,22178,161221,5723,19767,105282,23635,1042,0,0,0,0,0,0,0,0,0,0,0,0,949677
"October 17, 2021",273,16884,537755,1,1460,1338,2432,3697,2571,9906,16149,19105,22386,168526,5855,20481,102272,26301,0,0,0,0,0,0,0,0,0,0,0,0,0,957392
"October 10, 2021",280,16559,541111,1,1458,1475,2458,3953,2666,10010,16567,19537,22957,165712,5950,20547,97546,27557,0,0,0,0,0,0,0,0,0,0,0,0,0,956344
"October 3, 2021",291,16548,553256,0,1539,1408,2471,3930,2638,10231,16647,19951,24155,175624,5981,21947,94613,31611,0,0,0,0,0,0,0,0,0,0,0,0,0,982841
"September 26, 2021",315,18384,544267,0,1696,1435,2373,3893,2629,10054,16458,19414,23344,178424,5998,22002,85652,37855,0,0,0,0,0,0,0,0,0,0,0,0,0,974193
"September 19, 2021",286,16615,547477,1,1569,1465,2357,3992,2731,10107,16676,19795,23603,187586,6027,23335,85747,30945,0,0,0,0,0,0,0,0,0,0,0,0,0,980314
"September 12, 2021",395,16660,552983,1,1570,1441,2366,3987,2657,10117,16564,20094,23585,195617,6051,24142,91545,31541,0,0,0,0,0,0,0,0,0,0,0,0,0,1001316
"September 5, 2021",297,16732,548794,0,1499,1446,2330,3945,2672,9961,16483,20094,23055,172285,6088,23740,74676,28140,0,0,0,0,0,0,0,0,0,0,0,0,0,952237
"August 29, 2021",305,16946,552659,0,1291,1453,2409,3951,2715,10161,16855,20601,23481,178043,6261,24602,70976,21478,0,0,0,0,0,0,0,0,0,0,0,0,0,954187
"August 22, 2021",296,16763,551304,0,1355,1460,2328,3911,2657,10032,16796,20708,23250,180858,6380,24920,64363,23077,0,0,0,0,0,0,0,0,0,0,0,0,0,950458
"August 15, 2021",297,16904,554168,1,1423,1420,2411,3963,2757,10261,17088,21014,23525,189486,6290,25722,67239,22382,0,0,0,0,0,0,0,0,0,0,0,0,0,966351
"August 8, 2021",300,16890,561437,1,1353,1383,2399,4026,2718,10243,16977,21365,23738,194697,6589,27440,69134,20701,0,0,0,0,0,0,0,0,0,0,0,0,0,981391
"August 1, 2021",306,17211,568251,0,1377,1384,2368,3915,2767,10305,17096,21112,23664,182534,6532,27517,56376,23128,0,0,0,0,0,0,0,0,0,0,0,0,0,965843
"July 25, 2021",294,16994,580499,1,1352,1379,2403,3914,2733,10483,17297,21026,24590,189862,6842,30120,49888,22744,0,0,0,0,0,0,0,0,0,0,0,0,0,982421
"July 18, 2021",306,17242,604560,1,1364,1431,2425,3881,2787,10554,17468,21137,26544,198563,6847,33026,48779,21759,0,0,0,0,0,0,0,0,0,0,0,0,0,1018674
"July 11, 2021",327,18303,560809,1,1388,1386,2438,3854,2815,10416,17473,21361,26921,177545,7148,34199,39706,24319,0,0,0,0,0,0,0,0,0,0,0,0,0,950409
"July 4, 2021",328,18770,565271,0,1421,1416,2405,3871,2786,10564,17582,21445,27035,178910,7260,36582,38583,24624,0,0,0,0,0,0,0,0,0,0,0,0,0,958853
"June 27, 2021",305,17689,572392,0,1720,1483,2519,3970,2844,10694,18003,21989,27517,180920,7437,40732,33366,32681,0,0,0,0,0,0,0,0,0,0,0,0,0,976261
"June 20, 2021",311,17829,570696,0,1772,1475,2564,4065,3015,10865,18288,22633,28183,183086,7719,49210,30254,31181,0,0,0,0,0,0,0,0,0,0,0,0,0,983146
"June 13, 2021",311,17932,572449,1,1634,1455,2539,4034,3055,10831,18033,22423,27997,187402,7769,68475,19152,27062,0,0,0,0,0,0,0,0,0,0,0,0,0,992554
"June 6, 2021",333,19635,577245,0,1757,1413,2379,3889,3031,10855,17947,22380,28133,190271,7950,74240,12249,28635,0,0,0,0,0,0,0,0,0,0,0,0,0,1002342
"May 30, 2021",308,18419,589387,0,1451,1476,2532,4037,2896,11017,18516,22911,28918,198982,8568,69177,8054,20491,0,0,0,0,0,0,0,0,0,0,0,0,0,1007140
"May 23, 2021",318,18421,587429,0,1554,1462,2539,4093,2924,11030,18708,23166,29797,218345,8558,72830,10776,20650,0,0,0,0,0,0,0,0,0,0,0,0,0,1032600
"May 16, 2021",335,19923,589017,1,1739,1493,2566,4149,2967,11134,19014,23629,30573,196001,9232,66425,14558,22873,0,0,0,0,0,0,0,0,0,0,0,0,0,1015629
"May 9, 2021",325,18516,585406,1,1970,1519,2605,4195,3031,11443,19320,24522,31016,198911,8807,66581,21699,22457,0,0,0,0,0,0,0,0,0,0,0,0,0,1022324
"May 2, 2021",312,18600,590122,0,1909,1521,2507,4161,3022,11079,18966,24042,30470,201719,9864,60548,20680,18744,0,0,0,0,0,0,0,0,0,0,0,0,0,1018266
"April 25, 2021",333,18945,611314,0,1652,1471,2573,4172,3029,11277,19115,23996,31454,203481,9391,59778,29944,4,0,0,0,0,0,0,0,0,0,0,0,0,0,1031929
"April 18, 2021",354,20503,661425,1,1564,1629,2687,4312,3154,11545,19735,24706,32733,221127,10261,62659,25870,0,0,0,0,0,0,0,0,0,0,0,0,0,0,1104265
"April 11, 2021",322,18645,598747,1,1442,1492,2584,4182,3067,11410,19271,24562,32937,184066,9633,55246,22445,0,0,0,0,0,0,0,0,0,0,0,0,0,0,990052
"April 4, 2021",316,18796,594538,0,1467,1506,2630,4221,3041,11440,19496,24715,33224,180430,9674,52876,24873,0,0,0,0,0,0,0,0,0,0,0,0,0,0,983243
"March 28, 2021",312,18899,587093,0,1320,1566,2609,4258,3111,11458,19686,24985,33461,180022,9647,45215,18310,0,0,0,0,0,0,0,0,0,0,0,0,0,0,961952
"March 21, 2021",328,18771,589835,0,1403,1590,2646,4282,3167,11636,19733,25193,34247,184251,10133,49109,20399,0,0,0,0,0,0,0,0,0,0,0,0,0,0,976723
"March 14, 2021",321,18883,589441,1,1441,1529,2663,4277,3128,11640,19885,25548,35138,186192,10251,49434,20407,0,0,0,0,0,0,0,0,0,0,0,0,0,0,980179
"March 7, 2021",327,19189,594086,1,1258,1582,2648,4232,3142,11698,19831,25740,35631,186857,10354,44061,17305,0,0,0,0,0,0,0,0,0,0,0,0,0,0,977942
"February 28, 2021",334,19353,609135,0,1408,1545,2668,4361,3233,11940,20457,26450,37111,189111,11020,43947,21624,0,0,0,0,0,0,0,0,0,0,0,0,0,0,1003697
"February 21, 2021",344,19394,608012,0,1531,1618,2743,4572,3241,12347,21100,27654,39008,185121,11971,40101,21693,0,0,0,0,0,0,0,0,0,0,0,0,0,0,1000450
"February 14, 2021",350,20041,600961,1,1352,1668,2752,4580,3324,12358,21130,27628,38992,184536,12171,36556,16555,0,0,0,0,0,0,0,0,0,0,0,0,0,0,984955
"February 7, 2021",342,20287,603492,1,1427,1565,2747,4371,3244,12256,20940,27071,39340,183745,12121,36610,19282,0,0,0,0,0,0,0,0,0,0,0,0,0,0,988841
"January 31, 2021",353,20068,617427,0,1597,1594,2778,4548,3293,12356,21091,27496,40067,188787,12950,37393,24136,0,0,0,0,0,0,0,0,0,0,0,0,0,0,1015934
"January 24, 2021",366,19999,623788,0,1319,1580,2746,4492,3288,12382,21437,28010,41437,192626,13320,32799,16788,0,0,0,0,0,0,0,0,0,0,0,0,0,0,1016377
"January 17, 2021",403,23292,662182,1,1436,1586,2820,4564,3341,12610,21641,28414,44660,203706,14776,32374,20802,0,0,0,0,0,0,0,0,0,0,0,0,0,0,1078608
"January 10, 2021",362,20459,619216,1,1556,1632,2873,4662,3343,12968,22252,29093,46513,181234,15227,28373,23181,0,0,0,0,0,0,0,0,0,0,0,0,0,0,1012945
"January 3, 2021",364,20322,617265,0,1558,1617,2866,4576,3394,12972,21879,28775,46818,175127,16202,25567,22838,0,0,0,0,0,0,0,0,0,0,0,0,0,0,1002140
"December 27, 2020",370,20161,600102,0,1168,1559,2831,4541,3353,13141,21637,28319,45320,145140,14460,16273,12051,0,0,0,0,0,0,0,0,0,0,0,0,0,0,930426
"December 20, 2020",361,20252,600770,0,1522,1655,2834,4535,3458,12802,21656,28317,46102,154405,15935,18270,20785,0,0,0,0,0,0,0,0,0,0,0,0,0,0,953659
"December 13, 2020",371,20709,624820,1,1691,1603,2836,4609,3658,13131,22228,29865,50681,182179,18894,19191,24105,0,0,0,0,0,0,0,0,0,0,0,0,0,0,1020572
"December 6, 2020",369,20869,641581,0,2172,1587,2889,4576,3753,13152,22354,29906,51239,189579,21808,23527,36636,0,0,0,0,0,0,0,0,0,0,0,0,0,0,1065997
"November 29, 2020",375,21376,683763,0,1935,1692,2899,4729,3772,13471,23168,31798,54448,198167,30179,14225,29620,0,0,0,0,0,0,0,0,0,0,0,0,0,0,1115617
"November 22, 2020",405,21726,697768,0,2000,1673,2902,4776,3817,13698,23547,32103,57940,194306,32429,15490,23779,0,0,0,0,0,0,0,0,0,0,0,0,0,0,1128359
"November 15, 2020",397,21548,685184,1,1904,1725,3010,4856,3981,14020,24690,33308,58705,200396,31475,12903,22838,0,0,0,0,0,0,0,0,0,0,0,0,0,0,1120941
"November 8, 2020",436,24198,615696,1,1898,1607,2830,4746,3826,13459,23631,32054,55784,169153,27297,13642,20398,0,0,0,0,0,0,0,0,0,0,0,0,0,0,1010656
"November 1, 2020",462,31633,621041,0,1763,1551,2884,4738,3859,13407,23581,33088,57056,167668,26207,13742,15799,0,0,0,0,0,0,0,0,0,0,0,0,0,0,1018479
"October 25, 2020",641,31192,626168,0,1951,1689,2976,4910,3942,13677,24269,33613,58489,161417,26288,16150,18461,0,0,0,0,0,0,0,0,0,0,0,0,0,0,1025833
"October 18, 2020",413,30913,630835,1,1803,1640,3001,4936,3834,14105,25121,33934,60194,157620,24558,10723,19926,0,0,0,0,0,0,0,0,0,0,0,0,0,0,1023557
"October 11, 2020",418,31203,633178,1,1874,1746,3099,5237,4131,14877,26275,35865,62811,165198,25506,28148,345,0,0,0,0,0,0,0,0,0,0,0,0,0,0,1039912
"October 4, 2020",430,31006,648559,0,1725,1684,3081,5127,4006,14097,26193,35872,66166,162090,23753,26411,0,0,0,0,0,0,0,0,0,0,0,0,0,0,0,1050200
"September 27, 2020",434,31387,654492,0,1976,1737,3213,5250,4263,14580,26028,36466,68021,156120,24405,29493,0,0,0,0,0,0,0,0,0,0,0,0,0,0,0,1057865
"September 20, 2020",439,32141,668823,0,1876,1741,3108,5085,4107,14273,26615,36771,71005,161253,22481,28724,0,0,0,0,0,0,0,0,0,0,0,0,0,0,0,1078442
"September 13, 2020",425,31317,690452,1,1605,1702,3100,5162,4096,15069,27934,40950,73018,168065,21317,20503,0,0,0,0,0,0,0,0,0,0,0,0,0,0,0,1104716
"September 6, 2020",437,31309,648656,0,1808,1807,3171,5292,4708,15180,27269,41439,70221,148587,21215,20814,0,0,0,0,0,0,0,0,0,0,0,0,0,0,0,1041913
"August 30, 2020",442,33452,649698,0,1893,1801,3176,5215,4297,14958,27672,42620,73145,146570,20141,26046,0,0,0,0,0,0,0,0,0,0,0,0,0,0,0,1051126
"August 23, 2020",438,31374,647169,1,1806,1781,3206,5292,4331,15188,27513,42996,72432,133479,17798,25035,0,0,0,0,0,0,0,0,0,0,0,0,0,0,0,1029839
"August 16, 2020",440,31348,651117,1,1642,1841,3345,5489,4335,15716,28450,44329,76332,128597,15126,20662,0,0,0,0,0,0,0,0,0,0,0,0,0,0,0,1028770
"August 9, 2020",442,31611,654951,1,1667,1773,3286,5434,4383,15480,28548,45457,78085,126317,15020,23394,0,0,0,0,0,0,0,0,0,0,0,0,0,0,0,1035849
"August 2, 2020",441,31861,663997,0,1795,1769,3301,5583,4519,15750,28528,46685,79700,129533,15863,23717,0,0,0,0,0,0,0,0,0,0,0,0,0,0,0,1053042
"July 26, 2020",430,31811,659072,0,2118,1751,3314,5595,4394,15822,28853,46908,83422,120724,16436,32595,0,0,0,0,0,0,0,0,0,0,0,0,0,0,0,1053245
"July 19, 2020",442,31901,657861,1,2001,1756,3271,5466,4399,15704,28629,46485,85955,115778,13649,31390,0,0,0,0,0,0,0,0,0,0,0,0,0,0,0,1044688
"July 12, 2020",459,32218,663266,1,2699,1828,3421,5640,4714,16050,29271,48233,88686,123286,18813,41756,0,0,0,0,0,0,0,0,0,0,0,0,0,0,0,1080341
"July 5, 2020",453,32065,672250,0,2142,1887,3339,5529,4587,16203,29755,49425,96411,114109,14069,32891,0,0,0,0,0,0,0,0,0,0,0,0,0,0,0,1075115
"June 28, 2020",437,32287,678094,0,2067,1844,3381,5692,4547,16323,30518,51030,103163,98342,12231,32115,0,0,0,0,0,0,0,0,0,0,0,0,0,0,0,1072071
"June 21, 2020",446,32537,707534,0,2512,1905,3429,5880,4916,16903,31935,54955,120332,103497,13932,37396,0,0,0,0,0,0,0,0,0,0,0,0,0,0,0,1138109
"June 14, 2020",436,32660,752186,1,2282,1834,3348,5720,4680,16381,30706,55785,144541,90803,12924,30859,0,0,0,0,0,0,0,0,0,0,0,0,0,0,0,1185146
"June 7, 2020",444,32620,693977,1,1815,1907,3462,5844,4799,16876,31233,57550,159391,47951,10971,18132,0,0,0,0,0,0,0,0,0,0,0,0,0,0,0,1086973
"May 31, 2020",451,32777,717222,0,1768,1873,3457,5802,4714,16900,31472,58929,184437,25933,7337,18116,0,0,0,0,0,0,0,0,0,0,0,0,0,0,0,1111188
"May 24, 2020",455,32610,704917,0,2526,1914,3470,5907,5205,17095,31587,60305,203696,19617,12679,24799,0,0,0,0,0,0,0,0,0,0,0,0,0,0,0,1126782
"May 17, 2020",453,33444,731190,1,2254,2002,3557,6121,5118,17454,32219,62821,208508,14623,8364,21129,0,0,0,0,0,0,0,0,0,0,0,0,0,0,0,1149258
"May 10, 2020",471,33555,678897,1,2109,2018,3613,6136,5135,17890,33365,63490,184665,14030,8490,19021,0,0,0,0,0,0,0,0,0,0,0,0,0,0,0,1072886
"May 3, 2020",3265,34173,682681,0,2683,1977,3528,6109,5352,18013,33394,65439,182663,23362,12912,26044,0,0,0,0,0,0,0,0,0,0,0,0,0,0,0,1101595
"April 26, 2020",640,34237,680725,0,2307,1958,3625,6684,5478,17934,33636,64603,175130,23741,10170,13161,0,0,0,0,0,0,0,0,0,0,0,0,0,0,0,1074029
"April 19, 2020",472,34540,682586,1,2023,1938,3542,6358,5363,18066,34046,66460,171579,19406,7296,11282,0,0,0,0,0,0,0,0,0,0,0,0,0,0,0,1064958
"April 12, 2020",472,34627,681627,1,2294,1979,3548,6231,5438,17742,33868,67955,169592,23562,11187,13826,0,0,0,0,0,0,0,0,0,0,0,0,0,0,0,1073949
"April 5, 2020",479,34872,686959,0,1851,1915,3554,6774,5228,17775,33977,69723,167706,17756,5884,9269,0,0,0,0,0,0,0,0,0,0,0,0,0,0,0,1063722
"March 29, 2020",495,35174,704832,0,2097,2000,3795,6716,5657,18209,35484,74485,172469,26548,6674,5913,0,0,0,0,0,0,0,0,0,0,0,0,0,0,0,1100548
"March 22, 2020",505,36175,710180,0,2127,1949,3836,6186,5942,18240,35954,79965,169086,24943,8180,4636,0,0,0,0,0,0,0,0,0,0,0,0,0,0,0,1107904
"March 15, 2020",499,35436,709466,1,2176,2033,3632,7032,6028,18049,36414,81504,171791,29012,10908,1,0,0,0,0,0,0,0,0,0,0,0,0,0,0,0,1113982
"March 8, 2020",498,35715,710253,1,2543,2083,3801,6954,6138,18555,37906,83926,153531,29897,17657,0,0,0,0,0,0,0,0,0,0,0,0,0,0,0,0,1109458
"March 1, 2020",505,35943,712256,0,2204,1989,3700,6892,5901,18585,38087,85272,152157,25429,14299,0,0,0,0,0,0,0,0,0,0,0,0,0,0,0,0,1103219
"February 23, 2020",512,36394,708080,0,2536,1991,3743,6915,6077,18859,38738,86603,138141,29875,17849,0,0,0,0,0,0,0,0,0,0,0,0,0,0,0,0,1096313
"February 16, 2020",509,36188,706987,1,2504,1992,3786,7374,6141,19424,39472,88404,134104,32078,15767,0,0,0,0,0,0,0,0,0,0,0,0,0,0,0,0,1094731
"February 9, 2020",521,36251,709587,1,2599,2040,3704,7769,6170,19208,40007,94664,134667,33019,16146,0,0,0,0,0,0,0,0,0,0,0,0,0,0,0,0,1106353
"February 2, 2020",843,36394,714300,0,2399,2064,3934,7829,6307,19715,41746,99275,132306,32316,14881,0,0,0,0,0,0,0,0,0,0,0,0,0,0,0,0,1114309
"January 26, 2020",1054,36480,710838,0,2457,2097,3911,7843,6344,19669,41106,101038,116278,37453,12784,0,0,0,0,0,0,0,0,0,0,0,0,0,0,0,0,1099352
"January 19, 2020",817,36404,710015,2,2394,2092,3952,7632,6476,19640,41699,105718,113761,32785,12402,0,0,0,0,0,0,0,0,0,0,0,0,0,0,0,0,1095789
"January 12, 2020",1092,37572,724304,5,2588,2165,4044,7461,7015,20324,43591,115298,98373,36683,0,0,0,0,0,0,0,0,0,0,0,0,0,0,0,0,0,1100515
"January 5, 2020",1704,37876,729918,0,2412,2152,3987,7467,6764,20163,43715,123614,88346,35506,0,0,0,0,0,0,0,0,0,0,0,0,0,0,0,0,0,1103624
"December 29, 2019",667,37632,720552,0,2068,2150,4024,6826,6483,19842,42582,112301,67475,26666,0,0,0,0,0,0,0,0,0,0,0,0,0,0,0,0,0,1049268
"December 22, 2019",1299,37369,724424,0,2133,2227,4106,6916,6272,19737,42618,116068,61553,24568,0,0,0,0,0,0,0,0,0,0,0,0,0,0,0,0,0,1049290
"December 15, 2019",800,37878,808053,1,2672,2245,4173,7355,7128,20807,47509,159730,77667,33769,0,0,0,0,0,0,0,0,0,0,0,0,0,0,0,0,0,1209787
"December 8, 2019",759,38319,752372,1,2318,2240,4230,7316,6980,21521,48619,166065,46900,28811,0,0,0,0,0,0,0,0,0,0,0,0,0,0,0,0,0,1126451
"December 1, 2019",1373,38711,750705,0,2343,2214,4155,7711,6986,21320,48981,179490,26578,30378,0,0,0,0,0,0,0,0,0,0,0,0,0,0,0,0,0,1120945
"November 24, 2019",612,38720,720507,0,3036,2164,4144,8059,7650,20981,49407,176766,22648,37991,0,0,0,0,0,0,0,0,0,0,0,0,0,0,0,0,0,1092685
"November 17, 2019",1305,39000,728439,1,2664,2311,4337,7841,7583,21871,52693,186989,22403,30342,0,0,0,0,0,0,0,0,0,0,0,0,0,0,0,0,0,1107779
"November 10, 2019",900,39421,717069,1,2117,2260,4276,7634,6937,21638,54571,186587,13117,20766,0,0,0,0,0,0,0,0,0,0,0,0,0,0,0,0,0,1077294
"November 3, 2019",830,39609,725969,0,2128,2266,4337,7899,7132,22219,53912,181621,13351,22163,0,0,0,0,0,0,0,0,0,0,0,0,0,0,0,0,0,1083436
"October 27, 2019",1034,39694,719349,0,2116,2230,4311,7595,7194,22315,53987,164358,10539,24326,0,0,0,0,0,0,0,0,0,0,0,0,0,0,0,0,0,1059048
"October 20, 2019",582,40772,724998,0,2061,2285,4405,7629,7177,22781,56373,166195,10680,22393,0,0,0,0,0,0,0,0,0,0,0,0,0,0,0,0,0,1068331
"October 13, 2019",587,41059,718083,1,2209,2249,4333,7657,7225,22724,57087,161922,15171,19774,0,0,0,0,0,0,0,0,0,0,0,0,0,0,0,0,0,1060081
"October 6, 2019",594,41250,735277,0,3123,2295,4456,7528,8350,23459,60578,168581,61987,9907,0,0,0,0,0,0,0,0,0,0,0,0,0,0,0,0,0,1127385
"September 29, 2019",592,41488,730985,0,2465,2340,4529,8091,7744,23139,61078,168281,44044,0,0,0,0,0,0,0,0,0,0,0,0,0,0,0,0,0,0,1094776
"September 22, 2019",604,41079,729379,0,2438,2435,4604,9767,7879,23899,64132,159827,39056,0,0,0,0,0,0,0,0,0,0,0,0,0,0,0,0,0,0,1085099
"September 15, 2019",583,41261,734015,1,2249,2384,4531,9177,7623,23461,67258,153348,35719,0,0,0,0,0,0,0,0,0,0,0,0,0,0,0,0,0,0,1081610
"September 8, 2019",585,41634,737061,1,2228,2375,4600,7924,7862,23800,69711,150342,33109,0,0,0,0,0,0,0,0,0,0,0,0,0,0,0,0,0,0,1081232
"September 1, 2019",710,41869,742414,0,2185,2371,4635,7867,7834,23988,70406,149638,29978,0,0,0,0,0,0,0,0,0,0,0,0,0,0,0,0,0,0,1083895
"August 25, 2019",6434,41770,730382,0,2004,2333,4484,7661,7367,23817,71412,136850,26297,0,0,0,0,0,0,0,0,0,0,0,0,0,0,0,0,0,0,1060811
"August 18, 2019",6874,42241,743932,1,2307,2439,4723,8043,8019,25165,74830,137766,31475,0,0,0,0,0,0,0,0,0,0,0,0,0,0,0,0,0,0,1087815
"August 11, 2019",600,42329,731411,1,2149,2456,4663,7890,7823,24530,73367,129977,28974,0,0,0,0,0,0,0,0,0,0,0,0,0,0,0,0,0,0,1056170
"August 4, 2019",622,42833,744652,0,2184,2462,4752,8018,7994,24893,77056,135691,28132,0,0,0,0,0,0,0,0,0,0,0,0,0,0,0,0,0,0,1079289
"July 28, 2019",626,43206,749452,0,2149,2468,4688,8124,8065,25788,80565,126211,28600,0,0,0,0,0,0,0,0,0,0,0,0,0,0,0,0,0,0,1079942
"July 21, 2019",632,43220,753942,0,2160,2589,4753,8184,8149,26240,84248,128816,27508,0,0,0,0,0,0,0,0,0,0,0,0,0,0,0,0,0,0,1090441
"July 14, 2019",621,43678,758867,1,2178,2491,4879,8293,8256,26788,86286,131727,28456,0,0,0,0,0,0,0,0,0,0,0,0,0,0,0,0,0,0,1102521
"July 7, 2019",629,43770,757863,1,2210,2528,4905,8426,8427,26938,88072,120527,28924,0,0,0,0,0,0,0,0,0,0,0,0,0,0,0,0,0,0,1093220
"June 30, 2019",628,43447,759911,0,2024,2470,4898,8420,8230,27133,90854,110599,22549,0,0,0,0,0,0,0,0,0,0,0,0,0,0,0,0,0,0,1081163
"June 23, 2019",630,44389,753902,0,2106,2579,4985,8776,8667,27885,96345,105014,26297,0,0,0,0,0,0,0,0,0,0,0,0,0,0,0,0,0,0,1081575
"June 16, 2019",623,44722,759215,1,2177,2576,4988,8861,8869,28662,101667,103609,23954,0,0,0,0,0,0,0,0,0,0,0,0,0,0,0,0,0,0,1089924
"June 9, 2019",642,43280,761804,2,2487,2655,4988,8786,9162,28462,103117,105965,33363,0,0,0,0,0,0,0,0,0,0,0,0,0,0,0,0,0,0,1104713
"June 2, 2019",638,42208,779150,0,2345,2778,5194,9264,9431,29850,108080,101316,26841,0,0,0,0,0,0,0,0,0,0,0,0,0,0,0,0,0,0,1117095
"May 26, 2019",659,44088,780213,0,2648,2858,5381,9407,9964,32298,113173,93853,31192,0,0,0,0,0,0,0,0,0,0,0,0,0,0,0,0,0,0,1125734
"May 19, 2019",643,44587,794169,1,2643,2829,5480,9563,9976,32621,124806,89170,39140,0,0,0,0,0,0,0,0,0,0,0,0,0,0,0,0,0,0,1155628
"May 12, 2019",633,43023,823034,1,2662,2905,5492,10009,10199,33872,138653,78962,30662,0,0,0,0,0,0,0,0,0,0,0,0,0,0,0,0,0,0,1180107
"May 5, 2019",630,43607,877365,0,2648,2860,5546,10231,10077,34574,160447,70619,26952,0,0,0,0,0,0,0,0,0,0,0,0,0,0,0,0,0,0,1245556
"April 28, 2019",644,44448,798874,0,2551,2933,5581,10847,10446,35354,173462,27201,27765,0,0,0,0,0,0,0,0,0,0,0,0,0,0,0,0,0,0,1140106
"April 21, 2019",656,44321,813268,0,2543,2770,5338,10450,11429,35047,176815,16356,26718,0,0,0,0,0,0,0,0,0,0,0,0,0,0,0,0,0,0,1145711
"April 14, 2019",971,44872,849788,1,2609,2751,5383,11542,12255,37278,185525,18071,26339,0,0,0,0,0,0,0,0,0,0,0,0,0,0,0,0,0,0,1197385
"April 7, 2019",3400,44789,787158,1,2736,2831,5553,10462,12212,35993,175856,18263,30945,0,0,0,0,0,0,0,0,0,0,0,0,0,0,0,0,0,0,1130199
"March 31, 2019",732,45369,806232,0,3057,2775,5598,10449,13741,36061,169710,28040,34747,0,0,0,0,0,0,0,0,0,0,0,0,0,0,0,0,0,0,1156511
"March 24, 2019",655,45461,827386,0,3177,2816,5654,10571,12620,37636,174349,26440,39843,0,0,0,0,0,0,0,0,0,0,0,0,0,0,0,0,0,0,1186608
"March 17, 2019",649,45239,876632,1,3058,2902,5807,10506,12437,39403,192396,23655,30338,0,0,0,0,0,0,0,0,0,0,0,0,0,0,0,0,0,0,1243023
"March 10, 2019",668,45731,800892,1,2811,2943,5932,11084,12743,40121,172830,21499,23099,0,0,0,0,0,0,0,0,0,0,0,0,0,0,0,0,0,0,1140354
"March 3, 2019",652,51272,802682,0,2576,2838,5851,10641,13039,39759,160255,37265,3015,0,0,0,0,0,0,0,0,0,0,0,0,0,0,0,0,0,0,1129845
"February 24, 2019",657,55931,817150,0,2793,3005,6097,11692,13851,42684,174295,39472,0,0,0,0,0,0,0,0,0,0,0,0,0,0,0,0,0,0,0,1167627
"February 17, 2019",675,56521,827343,1,2715,3037,6168,12484,13247,47941,195792,33746,0,0,0,0,0,0,0,0,0,0,0,0,0,0,0,0,0,0,0,1199670
"February 10, 2019",666,56881,816218,1,2795,2995,6130,12005,13472,45521,166868,36107,0,0,0,0,0,0,0,0,0,0,0,0,0,0,0,0,0,0,0,1159659
"February 3, 2019",677,57022,817384,0,2614,2981,6150,11934,13369,45138,157949,32346,0,0,0,0,0,0,0,0,0,0,0,0,0,0,0,0,0,0,0,1147564
"January 27, 2019",688,56736,823022,1,2799,3051,6336,12478,14310,48800,155365,32767,0,0,0,0,0,0,0,0,0,0,0,0,0,0,0,0,0,0,0,1156353
"January 20, 2019",692,57045,840921,2,2508,3102,6367,12661,13382,50178,149626,27401,0,0,0,0,0,0,0,0,0,0,0,0,0,0,0,0,0,0,0,1163885
"January 13, 2019",687,54157,898362,5,2372,3127,6413,12775,13781,53211,163441,19016,0,0,0,0,0,0,0,0,0,0,0,0,0,0,0,0,0,0,0,1227347
"January 6, 2019",673,47233,794367,4,2276,3129,6357,13122,13895,50618,137248,18358,0,0,0,0,0,0,0,0,0,0,0,0,0,0,0,0,0,0,0,1087280
"December 30, 2018",676,47440,773942,3,2044,3036,6283,12261,12832,48579,114153,12507,0,0,0,0,0,0,0,0,0,0,0,0,0,0,0,0,0,0,0,1033756
"December 23, 2018",717,48659,753061,1,1993,3017,6150,12047,12717,47392,97465,13322,0,0,0,0,0,0,0,0,0,0,0,0,0,0,0,0,0,0,0,996541
"December 16, 2018",685,47904,790949,3,2187,3504,6430,13752,14204,53900,124426,17112,0,0,0,0,0,0,0,0,0,0,0,0,0,0,0,0,0,0,0,1075056
"December 9, 2018",708,48565,807275,3,2342,3548,6561,14556,14764,57026,124678,20311,0,0,0,0,0,0,0,0,0,0,0,0,0,0,0,0,0,0,0,1100337
"December 2, 2018",701,48491,809092,2,2433,3560,6603,15383,14814,58325,123736,21999,0,0,0,0,0,0,0,0,0,0,0,0,0,0,0,0,0,0,0,1105139
"November 25, 2018",702,49009,798685,3,2398,3519,6485,13922,14836,59414,115001,23826,0,0,0,0,0,0,0,0,0,0,0,0,0,0,0,0,0,0,0,1087800
"November 18, 2018",703,48668,810289,2,2726,3660,6905,15152,15442,61931,113624,26376,0,0,0,0,0,0,0,0,0,0,0,0,0,0,0,0,0,0,0,1105478
"November 11, 2018",717,49503,838512,4,2744,3856,7064,14820,15967,66973,119126,24578,0,0,0,0,0,0,0,0,0,0,0,0,0,0,0,0,0,0,0,1143864
"November 4, 2018",714,49489,818189,3,2502,3629,6723,13886,15726,68298,112103,21404,0,0,0,0,0,0,0,0,0,0,0,0,0,0,0,0,0,0,0,1112666
"October 28, 2018",703,49858,816720,3,2310,3523,6745,13835,15348,72107,98768,18189,0,0,0,0,0,0,0,0,0,0,0,0,0,0,0,0,0,0,0,1098109
"October 21, 2018",721,50157,849865,2,2644,3665,7066,14623,17774,81061,101457,24925,0,0,0,0,0,0,0,0,0,0,0,0,0,0,0,0,0,0,0,1153960
"October 14, 2018",705,50186,888122,3,2455,3822,7237,14566,17105,90089,94803,16640,0,0,0,0,0,0,0,0,0,0,0,0,0,0,0,0,0,0,0,1185733
"October 7, 2018",734,50845,798722,3,2478,3730,7093,15616,16659,88691,72178,18860,0,0,0,0,0,0,0,0,0,0,0,0,0,0,0,0,0,0,0,1075609
"September 30, 2018",730,50988,801505,4,2909,3793,7272,14919,17622,94217,72033,27894,0,0,0,0,0,0,0,0,0,0,0,0,0,0,0,0,0,0,0,1093886
"September 23, 2018",736,50939,795130,2,2715,3753,7300,15567,17867,99968,64686,22727,0,0,0,0,0,0,0,0,0,0,0,0,0,0,0,0,0,0,0,1081390
"September 16, 2018",730,51509,794055,3,3541,3769,7210,14354,19036,108103,69295,42837,0,0,0,0,0,0,0,0,0,0,0,0,0,0,0,0,0,0,0,1114442
"September 9, 2018",759,52176,807314,2,3240,3814,7436,15617,19956,120007,55648,34974,0,0,0,0,0,0,0,0,0,0,0,0,0,0,0,0,0,0,0,1120943
"September 2, 2018",754,52428,807631,2,2476,3907,7615,16009,20085,133578,22324,12135,0,0,0,0,0,0,0,0,0,0,0,0,0,0,0,0,0,0,0,1078944
"August 26, 2018",13760,52269,804083,2,2661,3861,7639,16178,19826,136100,15313,15349,0,0,0,0,0,0,0,0,0,0,0,0,0,0,0,0,0,0,0,1087041
"August 19, 2018",763,51842,798883,3,2768,3993,7721,16673,21037,133895,16797,18034,0,0,0,0,0,0,0,0,0,0,0,0,0,0,0,0,0,0,0,1072409
"August 12, 2018",747,52107,799496,2,2467,4088,7802,16729,21742,132424,13704,10321,0,0,0,0,0,0,0,0,0,0,0,0,0,0,0,0,0,0,0,1061629
"August 5, 2018",797,52521,818058,2,3033,4179,8212,17076,22490,142356,23792,17247,0,0,0,0,0,0,0,0,0,0,0,0,0,0,0,0,0,0,0,1109763
"July 29, 2018",784,52829,806008,2,3042,4127,8058,17572,22774,148008,22351,16430,0,0,0,0,0,0,0,0,0,0,0,0,0,0,0,0,0,0,0,1101985
"July 22, 2018",782,52616,805130,2,3395,4184,8046,17361,22860,125735,29846,22800,0,0,0,0,0,0,0,0,0,0,0,0,0,0,0,0,0,0,0,1092757
"July 15, 2018",764,50179,769971,1,2849,3944,7768,16758,22009,116356,25388,10528,0,0,0,0,0,0,0,0,0,0,0,0,0,0,0,0,0,0,0,1026515
"July 8, 2018",775,53230,820683,4,2955,4463,8577,19381,24960,128534,33174,750,0,0,0,0,0,0,0,0,0,0,0,0,0,0,0,0,0,0,0,1097486
"July 1, 2018",725,47297,730765,2,2613,3951,7471,16733,22039,104028,30096,0,0,0,0,0,0,0,0,0,0,0,0,0,0,0,0,0,0,0,0,965720
"June 24, 2018",806,54530,823355,2,3100,4513,8576,19611,27936,121694,32093,0,0,0,0,0,0,0,0,0,0,0,0,0,0,0,0,0,0,0,0,1096216
"June 17, 2018",800,54525,826536,3,2955,4619,8937,20436,29460,120766,27872,0,0,0,0,0,0,0,0,0,0,0,0,0,0,0,0,0,0,0,0,1096909
"June 10, 2018",803,58475,829079,2,3257,4684,9165,22112,30245,122859,30796,0,0,0,0,0,0,0,0,0,0,0,0,0,0,0,0,0,0,0,0,1111477
"June 3, 2018",810,62558,838162,3,3138,4475,8977,22209,30796,120243,31028,0,0,0,0,0,0,0,0,0,0,0,0,0,0,0,0,0,0,0,0,1122399
"May 27, 2018",831,57506,832457,2,3129,4620,9073,21890,32140,108508,35511,0,0,0,0,0,0,0,0,0,0,0,0,0,0,0,0,0,0,0,0,1105667
"May 20, 2018",833,57030,836306,2,3042,4646,9238,22653,34181,106326,26254,0,0,0,0,0,0,0,0,0,0,0,0,0,0,0,0,0,0,0,0,1100511
"May 13, 2018",843,56861,847680,3,3327,4760,9474,24069,35830,107366,33865,0,0,0,0,0,0,0,0,0,0,0,0,0,0,0,0,0,0,0,0,1124078
"May 6, 2018",805,57462,854705,3,3427,4753,9396,24888,39507,103677,32924,0,0,0,0,0,0,0,0,0,0,0,0,0,0,0,0,0,0,0,0,1131547
"April 29, 2018",1058,76593,883407,2,3604,4844,9771,25403,39606,106330,36265,0,0,0,0,0,0,0,0,0,0,0,0,0,0,0,0,0,0,0,0,1186883
"April 22, 2018",904,59737,1088005,3,3357,5256,10639,30136,50457,127874,23209,0,0,0,0,0,0,0,0,0,0,0,0,0,0,0,0,0,0,0,0,1399577
"April 15, 2018",863,59708,895343,3,3581,5659,11640,31505,49229,100153,25138,0,0,0,0,0,0,0,0,0,0,0,0,0,0,0,0,0,0,0,0,1182822
"April 8, 2018",883,60282,893928,2,3998,5956,11693,32686,50928,84861,33201,0,0,0,0,0,0,0,0,0,0,0,0,0,0,0,0,0,0,0,0,1178418
"April 1, 2018",884,61605,908781,3,3816,5944,12020,33116,57896,81173,29809,0,0,0,0,0,0,0,0,0,0,0,0,0,0,0,0,0,0,0,0,1195047
"March 25, 2018",904,66557,1069557,7,3794,6227,13243,39231,74948,81010,22589,0,0,0,0,0,0,0,0,0,0,0,0,0,0,0,0,0,0,0,0,1378067
"March 18, 2018",1504,64860,881411,11,3931,6154,13135,37353,76969,55493,25750,0,0,0,0,0,0,0,0,0,0,0,0,0,0,0,0,0,0,0,0,1166571
"March 11, 2018",873,65735,895870,7,3983,6595,13566,38745,87227,45984,24943,0,0,0,0,0,0,0,0,0,0,0,0,0,0,0,0,0,0,0,0,1183528
"March 4, 2018",898,65885,918426,9,4284,6656,13998,40152,105833,26878,28574,0,0,0,0,0,0,0,0,0,0,0,0,0,0,0,0,0,0,0,0,1211593
"February 25, 2018",896,66529,932138,7,4165,6660,14127,41238,112862,13754,27185,0,0,0,0,0,0,0,0,0,0,0,0,0,0,0,0,0,0,0,0,1219561
"February 18, 2018",902,67029,950356,13,3876,6648,14412,43812,113712,9802,19848,0,0,0,0,0,0,0,0,0,0,0,0,0,0,0,0,0,0,0,0,1230410
"February 11, 2018",911,67930,890547,11,4186,6577,14721,43723,98299,14075,25483,0,0,0,0,0,0,0,0,0,0,0,0,0,0,0,0,0,0,0,0,1166463
"February 4, 2018",925,71893,897135,4,4627,6935,15104,45229,95706,16902,34335,0,0,0,0,0,0,0,0,0,0,0,0,0,0,0,0,0,0,0,0,1188795
"January 28, 2018",943,70665,891994,11,5155,7052,15824,46614,92239,22315,42970,0,0,0,0,0,0,0,0,0,0,0,0,0,0,0,0,0,0,0,0,1195782
"January 21, 2018",908,69092,882495,6,5197,7092,15889,48268,92035,23757,39431,0,0,0,0,0,0,0,0,0,0,0,0,0,0,0,0,0,0,0,0,1184170
"January 14, 2018",940,68136,880549,9,4474,6829,15754,48196,88191,26089,17570,0,0,0,0,0,0,0,0,0,0,0,0,0,0,0,0,0,0,0,0,1156737
"January 7, 2018",946,68223,901536,11,4561,7134,16233,50466,87847,40157,2376,0,0,0,0,0,0,0,0,0,0,0,0,0,0,0,0,0,0,0,0,1179490
"December 31, 2017",920,63684,877265,10,4202,6790,15577,47164,78137,31392,0,0,0,0,0,0,0,0,0,0,0,0,0,0,0,0,0,0,0,0,0,1125141
"December 24, 2017",952,58904,855433,10,3640,6837,15409,44966,61408,12587,0,0,0,0,0,0,0,0,0,0,0,0,0,0,0,0,0,0,0,0,0,1060146
"December 17, 2017",942,59903,888181,10,4094,6997,16284,52521,76117,28304,0,0,0,0,0,0,0,0,0,0,0,0,0,0,0,0,0,0,0,0,0,1133353
"December 10, 2017",941,60202,896678,9,4359,7335,16979,56635,83822,30878,0,0,0,0,0,0,0,0,0,0,0,0,0,0,0,0,0,0,0,0,0,1157838
"December 3, 2017",955,62399,922911,12,4213,7423,17429,57991,82274,24403,0,0,0,0,0,0,0,0,0,0,0,0,0,0,0,0,0,0,0,0,0,1180010
"November 26, 2017",944,61618,911525,12,4298,7550,17786,61096,71891,20689,0,0,0,0,0,0,0,0,0,0,0,0,0,0,0,0,0,0,0,0,0,1157409
"November 19, 2017",975,62557,907211,12,4153,7564,18097,62679,63771,16347,0,0,0,0,0,0,0,0,0,0,0,0,0,0,0,0,0,0,0,0,0,1143366
"November 12, 2017",981,70406,922197,12,4471,7634,18637,66547,67197,20915,0,0,0,0,0,0,0,0,0,0,0,0,0,0,0,0,0,0,0,0,0,1178997
"November 5, 2017",974,61994,918941,10,4482,7900,18907,70418,63397,20478,0,0,0,0,0,0,0,0,0,0,0,0,0,0,0,0,0,0,0,0,0,1167501
"October 29, 2017",986,63848,892891,11,4178,7634,18665,72689,55289,17082,0,0,0,0,0,0,0,0,0,0,0,0,0,0,0,0,0,0,0,0,0,1133273
"October 22, 2017",989,62906,891783,10,4588,7576,18629,77470,50823,21669,0,0,0,0,0,0,0,0,0,0,0,0,0,0,0,0,0,0,0,0,0,1136443
"October 15, 2017",1004,63498,897594,13,4586,7516,19244,83137,44748,21749,0,0,0,0,0,0,0,0,0,0,0,0,0,0,0,0,0,0,0,0,0,1143089
"October 8, 2017",1006,64131,914879,8,5519,8153,20158,91942,43375,33150,0,0,0,0,0,0,0,0,0,0,0,0,0,0,0,0,0,0,0,0,0,1182321
"October 1, 2017",1028,64289,913201,12,4432,8317,20406,105670,21737,9890,0,0,0,0,0,0,0,0,0,0,0,0,0,0,0,0,0,0,0,0,0,1148982
"September 24, 2017",1002,64389,901203,12,4692,8363,20098,108085,14437,16110,0,0,0,0,0,0,0,0,0,0,0,0,0,0,0,0,0,0,0,0,0,1138391
"September 17, 2017",997,64555,893883,12,4589,8137,20311,104680,12935,11947,0,0,0,0,0,0,0,0,0,0,0,0,0,0,0,0,0,0,0,0,0,1122046
"September 10, 2017",1021,64794,896163,10,4723,8118,21000,103932,14766,15903,0,0,0,0,0,0,0,0,0,0,0,0,0,0,0,0,0,0,0,0,0,1130430
"September 3, 2017",1004,65080,910564,11,4789,8581,22306,99681,14968,12802,0,0,0,0,0,0,0,0,0,0,0,0,0,0,0,0,0,0,0,0,0,1139786
"August 27, 2017",1005,65831,912603,10,5044,8660,22107,100262,16423,17240,0,0,0,0,0,0,0,0,0,0,0,0,0,0,0,0,0,0,0,0,0,1149185
"August 20, 2017",1013,66449,909847,7,5306,8644,22516,102148,19062,21446,0,0,0,0,0,0,0,0,0,0,0,0,0,0,0,0,0,0,0,0,0,1156438
"August 13, 2017",976,64261,862867,9,4665,8422,21456,98139,15968,13088,0,0,0,0,0,0,0,0,0,0,0,0,0,0,0,0,0,0,0,0,0,1089851
"August 6, 2017",1025,66077,904481,6,5040,9032,23604,94319,17597,13312,0,0,0,0,0,0,0,0,0,0,0,0,0,0,0,0,0,0,0,0,0,1134493
"July 30, 2017",1252,67487,909850,9,5232,9342,24692,97308,20467,9250,0,0,0,0,0,0,0,0,0,0,0,0,0,0,0,0,0,0,0,0,0,1144889
"July 23, 2017",1059,67407,905740,5,5221,9504,25362,92831,25969,573,0,0,0,0,0,0,0,0,0,0,0,0,0,0,0,0,0,0,0,0,0,1133671
"July 16, 2017",1042,67731,912951,9,5275,9594,25945,92742,26525,0,0,0,0,0,0,0,0,0,0,0,0,0,0,0,0,0,0,0,0,0,0,1141814
"July 9, 2017",1058,68715,931484,8,5683,10049,28664,95453,23729,0,0,0,0,0,0,0,0,0,0,0,0,0,0,0,0,0,0,0,0,0,0,1164843
"July 2, 2017",1067,68298,934323,8,4882,9665,28577,90324,18822,0,0,0,0,0,0,0,0,0,0,0,0,0,0,0,0,0,0,0,0,0,0,1155966
"June 25, 2017",1073,68966,952392,8,4835,10083,30156,90912,18054,0,0,0,0,0,0,0,0,0,0,0,0,0,0,0,0,0,0,0,0,0,0,1176479
"June 18, 2017",1076,69319,1002791,9,5080,10948,32761,93708,19282,0,0,0,0,0,0,0,0,0,0,0,0,0,0,0,0,0,0,0,0,0,0,1234974
"June 11, 2017",1104,69755,945913,8,5254,10349,32335,85076,21291,0,0,0,0,0,0,0,0,0,0,0,0,0,0,0,0,0,0,0,0,0,0,1171085
"June 4, 2017",2637,69515,961929,7,5291,10743,33781,85053,16966,0,0,0,0,0,0,0,0,0,0,0,0,0,0,0,0,0,0,0,0,0,0,1185922
"May 28, 2017",1138,70287,930634,9,5336,10951,34940,78137,16506,0,0,0,0,0,0,0,0,0,0,0,0,0,0,0,0,0,0,0,0,0,0,1147938
"May 21, 2017",1113,70076,931954,8,5544,10830,36250,76172,19011,0,0,0,0,0,0,0,0,0,0,0,0,0,0,0,0,0,0,0,0,0,0,1150958
"May 14, 2017",1109,71037,944324,7,5486,10956,39164,76312,21629,0,0,0,0,0,0,0,0,0,0,0,0,0,0,0,0,0,0,0,0,0,0,1170024
"May 7, 2017",1119,71511,949831,8,5696,11397,42611,74855,24466,0,0,0,0,0,0,0,0,0,0,0,0,0,0,0,0,0,0,0,0,0,0,1181494
"April 30, 2017",1133,72188,938373,8,5675,11494,46189,68152,27589,0,0,0,0,0,0,0,0,0,0,0,0,0,0,0,0,0,0,0,0,0,0,1170801
"April 23, 2017",1149,71991,950653,8,6210,12262,51372,62323,30674,0,0,0,0,0,0,0,0,0,0,0,0,0,0,0,0,0,0,0,0,0,0,1186642
"April 16, 2017",1174,72371,961653,12,6095,12325,60887,58118,22557,0,0,0,0,0,0,0,0,0,0,0,0,0,0,0,0,0,0,0,0,0,0,1195192
"April 9, 2017",1246,74686,970944,11,6345,12590,67781,43613,24343,0,0,0,0,0,0,0,0,0,0,0,0,0,0,0,0,0,0,0,0,0,0,1201559
"April 2, 2017",1273,73526,966003,11,6662,13098,86733,27467,27284,0,0,0,0,0,0,0,0,0,0,0,0,0,0,0,0,0,0,0,0,0,0,1202057
"March 26, 2017",1190,73725,963386,11,6492,13342,91287,16675,23809,0,0,0,0,0,0,0,0,0,0,0,0,0,0,0,0,0,0,0,0,0,0,1189917
"March 19, 2017",1197,74020,971518,11,7120,13874,95893,17715,33940,0,0,0,0,0,0,0,0,0,0,0,0,0,0,0,0,0,0,0,0,0,0,1215288
"March 12, 2017",1209,74786,957418,9,6769,13850,95640,14974,23240,0,0,0,0,0,0,0,0,0,0,0,0,0,0,0,0,0,0,0,0,0,0,1187895
"March 5, 2017",1225,76169,977113,10,6882,14180,87068,13325,22511,0,0,0,0,0,0,0,0,0,0,0,0,0,0,0,0,0,0,0,0,0,0,1198483
"February 26, 2017",1280,76725,983276,8,6810,14191,84064,12825,19773,0,0,0,0,0,0,0,0,0,0,0,0,0,0,0,0,0,0,0,0,0,0,1198952
"February 19, 2017",1259,77191,975542,10,6759,14924,83384,13195,15226,0,0,0,0,0,0,0,0,0,0,0,0,0,0,0,0,0,0,0,0,0,0,1187490
"February 12, 2017",1262,76842,985007,9,7151,14776,83980,16267,17861,0,0,0,0,0,0,0,0,0,0,0,0,0,0,0,0,0,0,0,0,0,0,1203155
"February 5, 2017",1289,77665,1001914,9,7388,15593,86742,16541,20505,0,0,0,0,0,0,0,0,0,0,0,0,0,0,0,0,0,0,0,0,0,0,1227646
"January 29, 2017",1285,78744,993820,12,7409,15756,87184,11583,17824,0,0,0,0,0,0,0,0,0,0,0,0,0,0,0,0,0,0,0,0,0,0,1213617
"January 22, 2017",1287,78264,983023,13,7479,16388,80263,22720,2399,0,0,0,0,0,0,0,0,0,0,0,0,0,0,0,0,0,0,0,0,0,0,1191836
"January 15, 2017",1299,79254,973396,8,7773,17831,79717,23797,0,0,0,0,0,0,0,0,0,0,0,0,0,0,0,0,0,0,0,0,0,0,0,1183075
"January 8, 2017",1319,79391,993836,9,7756,18009,79274,22104,0,0,0,0,0,0,0,0,0,0,0,0,0,0,0,0,0,0,0,0,0,0,0,1201698
"January 1, 2017",1299,79393,953629,8,7417,17911,69100,12457,0,0,0,0,0,0,0,0,0,0,0,0,0,0,0,0,0,0,0,0,0,0,0,1141214
"December 25, 2016",1275,78895,916900,7,6481,16480,51387,6599,0,0,0,0,0,0,0,0,0,0,0,0,0,0,0,0,0,0,0,0,0,0,0,1078024
"December 18, 2016",1350,79983,970698,10,8011,19335,62878,14432,0,0,0,0,0,0,0,0,0,0,0,0,0,0,0,0,0,0,0,0,0,0,0,1156697
"December 11, 2016",1324,81256,990118,8,7768,20824,64606,14237,0,0,0,0,0,0,0,0,0,0,0,0,0,0,0,0,0,0,0,0,0,0,0,1180141
"December 4, 2016",1284,82017,1016881,7,8344,22260,68381,14885,0,0,0,0,0,0,0,0,0,0,0,0,0,0,0,0,0,0,0,0,0,0,0,1214059
"November 27, 2016",1362,82706,995851,7,8436,23185,65359,17958,0,0,0,0,0,0,0,0,0,0,0,0,0,0,0,0,0,0,0,0,0,0,0,1194864
"November 20, 2016",1391,84444,1023422,10,8888,25094,61906,15033,0,0,0,0,0,0,0,0,0,0,0,0,0,0,0,0,0,0,0,0,0,0,0,1220188
"November 13, 2016",1427,84210,1062563,10,9862,28853,66743,15062,0,0,0,0,0,0,0,0,0,0,0,0,0,0,0,0,0,0,0,0,0,0,0,1268730
"November 6, 2016",1372,84795,990327,11,9341,29303,58137,13396,0,0,0,0,0,0,0,0,0,0,0,0,0,0,0,0,0,0,0,0,0,0,0,1186682
"October 30, 2016",1352,84845,972795,11,9061,29833,52309,13981,0,0,0,0,0,0,0,0,0,0,0,0,0,0,0,0,0,0,0,0,0,0,0,1164187
"October 23, 2016",1384,86505,1004152,9,9871,33941,49839,21394,0,0,0,0,0,0,0,0,0,0,0,0,0,0,0,0,0,0,0,0,0,0,0,1207095
"October 16, 2016",1561,86839,994627,10,10027,37469,46166,22887,0,0,0,0,0,0,0,0,0,0,0,0,0,0,0,0,0,0,0,0,0,0,0,1199586
"October 9, 2016",1398,88725,979408,10,10067,42028,43866,28512,0,0,0,0,0,0,0,0,0,0,0,0,0,0,0,0,0,0,0,0,0,0,0,1194014
"October 2, 2016",1430,88477,1008804,11,10865,60698,27301,26484,0,0,0,0,0,0,0,0,0,0,0,0,0,0,0,0,0,0,0,0,0,0,0,1224070
"September 25, 2016",1421,88023,968918,11,10343,63426,16854,23486,0,0,0,0,0,0,0,0,0,0,0,0,0,0,0,0,0,0,0,0,0,0,0,1172482
"September 18, 2016",1585,88302,975156,11,10571,65931,18497,16325,0,0,0,0,0,0,0,0,0,0,0,0,0,0,0,0,0,0,0,0,0,0,0,1176378
"September 11, 2016",2157,90050,971382,11,10148,58324,14324,15145,0,0,0,0,0,0,0,0,0,0,0,0,0,0,0,0,0,0,0,0,0,0,0,1161541
"September 4, 2016",1976,91045,986413,9,10179,60452,9574,14001,0,0,0,0,0,0,0,0,0,0,0,0,0,0,0,0,0,0,0,0,0,0,0,1173649
"August 28, 2016",1407,91520,993931,12,10769,59487,11395,14178,0,0,0,0,0,0,0,0,0,0,0,0,0,0,0,0,0,0,0,0,0,0,0,1182699
"August 21, 2016",1509,96597,984178,17,11181,59347,10947,11320,0,0,0,0,0,0,0,0,0,0,0,0,0,0,0,0,0,0,0,0,0,0,0,1175096
"August 14, 2016",1679,105355,994493,14,11475,58358,10146,12235,0,0,0,0,0,0,0,0,0,0,0,0,0,0,0,0,0,0,0,0,0,0,0,1193755
"August 7, 2016",1466,92960,1003123,14,11439,59233,8820,7898,0,0,0,0,0,0,0,0,0,0,0,0,0,0,0,0,0,0,0,0,0,0,0,1184953
"July 31, 2016",1480,93240,999755,13,12307,58660,16134,3225,0,0,0,0,0,0,0,0,0,0,0,0,0,0,0,0,0,0,0,0,0,0,0,1184814
"July 24, 2016",1532,96786,1007253,14,12711,59623,19505,0,0,0,0,0,0,0,0,0,0,0,0,0,0,0,0,0,0,0,0,0,0,0,0,1197424
"July 17, 2016",1777,112818,1014948,17,13337,67070,20246,0,0,0,0,0,0,0,0,0,0,0,0,0,0,0,0,0,0,0,0,0,0,0,0,1230213
"July 10, 2016",1943,124042,980786,13,13218,55070,14000,0,0,0,0,0,0,0,0,0,0,0,0,0,0,0,0,0,0,0,0,0,0,0,0,1189072
"July 3, 2016",1525,96846,1024400,13,15861,57436,16584,0,0,0,0,0,0,0,0,0,0,0,0,0,0,0,0,0,0,0,0,0,0,0,0,1212665
"June 26, 2016",1448,95930,1019899,16,15906,52417,16772,0,0,0,0,0,0,0,0,0,0,0,0,0,0,0,0,0,0,0,0,0,0,0,0,1202388
"June 19, 2016",1508,96839,1056153,14,17894,58103,25845,0,0,0,0,0,0,0,0,0,0,0,0,0,0,0,0,0,0,0,0,0,0,0,0,1256356
"June 12, 2016",1537,144555,1086759,20,17725,55713,17384,0,0,0,0,0,0,0,0,0,0,0,0,0,0,0,0,0,0,0,0,0,0,0,0,1323693
"June 5, 2016",6409,97709,1009472,15,18766,47248,14010,0,0,0,0,0,0,0,0,0,0,0,0,0,0,0,0,0,0,0,0,0,0,0,0,1193629
"May 29, 2016",1565,98303,1006160,14,19274,46012,10690,0,0,0,0,0,0,0,0,0,0,0,0,0,0,0,0,0,0,0,0,0,0,0,0,1182018
"May 22, 2016",5209,99875,1008647,17,21030,42477,14888,0,0,0,0,0,0,0,0,0,0,0,0,0,0,0,0,0,0,0,0,0,0,0,0,1192143
"May 15, 2016",8809,100109,1004115,17,21406,37698,14304,0,0,0,0,0,0,0,0,0,0,0,0,0,0,0,0,0,0,0,0,0,0,0,0,1186458
"May 8, 2016",4110,100660,1011994,15,24390,37325,16231,0,0,0,0,0,0,0,0,0,0,0,0,0,0,0,0,0,0,0,0,0,0,0,0,1194725
"May 1, 2016",3109,101335,1000741,16,26798,32642,11263,0,0,0,0,0,0,0,0,0,0,0,0,0,0,0,0,0,0,0,0,0,0,0,0,1175904
"April 24, 2016",2128,103997,1016267,14,32775,28882,13195,0,0,0,0,0,0,0,0,0,0,0,0,0,0,0,0,0,0,0,0,0,0,0,0,1197258
"April 17, 2016",7129,102822,1022530,16,43232,18075,4457,0,0,0,0,0,0,0,0,0,0,0,0,0,0,0,0,0,0,0,0,0,0,0,0,1198261
"April 10, 2016",5526,104877,1026694,13,48358,9225,4801,0,0,0,0,0,0,0,0,0,0,0,0,0,0,0,0,0,0,0,0,0,0,0,0,1199494
"April 3, 2016",3169,104313,1028352,20,51676,10047,6757,0,0,0,0,0,0,0,0,0,0,0,0,0,0,0,0,0,0,0,0,0,0,0,0,1204334
"March 27, 2016",1641,105027,1016251,17,46600,4926,5069,0,0,0,0,0,0,0,0,0,0,0,0,0,0,0,0,0,0,0,0,0,0,0,0,1179531
"March 20, 2016",1648,106171,1035706,14,51540,4799,6900,0,0,0,0,0,0,0,0,0,0,0,0,0,0,0,0,0,0,0,0,0,0,0,0,1206778
"March 13, 2016",16866,107585,1055177,16,53093,5317,8914,0,0,0,0,0,0,0,0,0,0,0,0,0,0,0,0,0,0,0,0,0,0,0,0,1246968
"March 6, 2016",20019,109286,1054040,17,56546,6509,12271,0,0,0,0,0,0,0,0,0,0,0,0,0,0,0,0,0,0,0,0,0,0,0,0,1258688
"February 28, 2016",25775,115531,1097240,21,57533,9627,646,0,0,0,0,0,0,0,0,0,0,0,0,0,0,0,0,0,0,0,0,0,0,0,0,1306373
"February 21, 2016",25451,117307,1124986,21,57747,9982,0,0,0,0,0,0,0,0,0,0,0,0,0,0,0,0,0,0,0,0,0,0,0,0,0,1335494
"February 14, 2016",22946,111082,1033270,21,57037,9246,0,0,0,0,0,0,0,0,0,0,0,0,0,0,0,0,0,0,0,0,0,0,0,0,0,1233602
"February 7, 2016",6313,109997,1035830,20,56345,8117,0,0,0,0,0,0,0,0,0,0,0,0,0,0,0,0,0,0,0,0,0,0,0,0,0,1216622
"January 31, 2016",1821,110812,1046312,20,56229,7812,0,0,0,0,0,0,0,0,0,0,0,0,0,0,0,0,0,0,0,0,0,0,0,0,0,1223006
"January 24, 2016",10248,111842,1005734,20,50144,7255,0,0,0,0,0,0,0,0,0,0,0,0,0,0,0,0,0,0,0,0,0,0,0,0,0,1185243
"January 17, 2016",13534,109351,1005418,17,47932,5385,0,0,0,0,0,0,0,0,0,0,0,0,0,0,0,0,0,0,0,0,0,0,0,0,0,1181637
"January 10, 2016",7758,114493,1024803,18,45093,4983,0,0,0,0,0,0,0,0,0,0,0,0,0,0,0,0,0,0,0,0,0,0,0,0,0,1197148
"January 3, 2016",3443,115293,982335,16,38474,3226,0,0,0,0,0,0,0,0,0,0,0,0,0,0,0,0,0,0,0,0,0,0,0,0,0,1142787
"December 27, 2015",12577,112780,929751,17,33729,204,0,0,0,0,0,0,0,0,0,0,0,0,0,0,0,0,0,0,0,0,0,0,0,0,0,1089058
"December 20, 2015",12879,117324,981129,21,37688,129,0,0,0,0,0,0,0,0,0,0,0,0,0,0,0,0,0,0,0,0,0,0,0,0,0,1149170
"December 13, 2015",2429,116355,1017729,16,45080,118,0,0,0,0,0,0,0,0,0,0,0,0,0,0,0,0,0,0,0,0,0,0,0,0,0,1181727
"December 6, 2015",3332,117450,1034903,17,53885,68,0,0,0,0,0,0,0,0,0,0,0,0,0,0,0,0,0,0,0,0,0,0,0,0,0,1209655
"November 29, 2015",5551,117997,1030562,21,52012,69,0,0,0,0,0,0,0,0,0,0,0,0,0,0,0,0,0,0,0,0,0,0,0,0,0,1206212
"November 22, 2015",7383,118630,1020096,13,55577,71,0,0,0,0,0,0,0,0,0,0,0,0,0,0,0,0,0,0,0,0,0,0,0,0,0,1201770
"November 15, 2015",5786,123944,1044825,18,69532,17,0,0,0,0,0,0,0,0,0,0,0,0,0,0,0,0,0,0,0,0,0,0,0,0,0,1244122
"November 8, 2015",6324,123758,1040842,17,57456,3,0,0,0,0,0,0,0,0,0,0,0,0,0,0,0,0,0,0,0,0,0,0,0,0,0,1228400
"November 1, 2015",7574,125327,1059458,16,48486,3,0,0,0,0,0,0,0,0,0,0,0,0,0,0,0,0,0,0,0,0,0,0,0,0,0,1240864
"October 25, 2015",6489,124676,1063574,13,44843,7,0,0,0,0,0,0,0,0,0,0,0,0,0,0,0,0,0,0,0,0,0,0,0,0,0,1239602
"October 18, 2015",8482,124448,1127621,16,44315,4,0,0,0,0,0,0,0,0,0,0,0,0,0,0,0,0,0,0,0,0,0,0,0,0,0,1304886
"October 11, 2015",10600,127103,1060809,18,40814,7,0,0,0,0,0,0,0,0,0,0,0,0,0,0,0,0,0,0,0,0,0,0,0,0,0,1239351
"October 4, 2015",10445,125099,990980,16,38216,6,0,0,0,0,0,0,0,0,0,0,0,0,0,0,0,0,0,0,0,0,0,0,0,0,0,1164762
"September 27, 2015",7184,120562,940660,15,33261,8,0,0,0,0,0,0,0,0,0,0,0,0,0,0,0,0,0,0,0,0,0,0,0,0,0,1101690
"September 20, 2015",6281,119201,918447,13,33518,3,0,0,0,0,0,0,0,0,0,0,0,0,0,0,0,0,0,0,0,0,0,0,0,0,0,1077463
"September 13, 2015",5042,124497,986848,19,24253,5,0,0,0,0,0,0,0,0,0,0,0,0,0,0,0,0,0,0,0,0,0,0,0,0,0,1140664
"September 6, 2015",7172,129377,1035389,17,35056,7,0,0,0,0,0,0,0,0,0,0,0,0,0,0,0,0,0,0,0,0,0,0,0,0,0,1207018
"August 30, 2015",6118,131240,1042515,15,30904,7,0,0,0,0,0,0,0,0,0,0,0,0,0,0,0,0,0,0,0,0,0,0,0,0,0,1210799
"August 23, 2015",6794,135102,1062264,17,27689,6,0,0,0,0,0,0,0,0,0,0,0,0,0,0,0,0,0,0,0,0,0,0,0,0,0,1231872
"August 16, 2015",6847,140269,1105932,20,25321,4,0,0,0,0,0,0,0,0,0,0,0,0,0,0,0,0,0,0,0,0,0,0,0,0,0,1278393
"August 9, 2015",8084,129409,1001285,24,28661,9,0,0,0,0,0,0,0,0,0,0,0,0,0,0,0,0,0,0,0,0,0,0,0,0,0,1167472
"August 2, 2015",2250,129647,996608,20,28833,20,0,0,0,0,0,0,0,0,0,0,0,0,0,0,0,0,0,0,0,0,0,0,0,0,0,1157378
"July 26, 2015",3129,131270,1003459,20,27220,13,0,0,0,0,0,0,0,0,0,0,0,0,0,0,0,0,0,0,0,0,0,0,0,0,0,1165111
"July 19, 2015",2036,132141,1006308,23,24706,22,0,0,0,0,0,0,0,0,0,0,0,0,0,0,0,0,0,0,0,0,0,0,0,0,0,1165236
"July 12, 2015",2033,133631,1015889,19,23305,21,0,0,0,0,0,0,0,0,0,0,0,0,0,0,0,0,0,0,0,0,0,0,0,0,0,1174898
"July 5, 2015",2011,136085,1020261,16,14930,9,0,0,0,0,0,0,0,0,0,0,0,0,0,0,0,0,0,0,0,0,0,0,0,0,0,1173312
"June 28, 2015",2054,139528,1013578,18,11965,20,0,0,0,0,0,0,0,0,0,0,0,0,0,0,0,0,0,0,0,0,0,0,0,0,0,1167163
"June 21, 2015",2089,144124,1056908,22,14258,13,0,0,0,0,0,0,0,0,0,0,0,0,0,0,0,0,0,0,0,0,0,0,0,0,0,1217414
"June 14, 2015",2063,146846,1099163,23,13220,21,0,0,0,0,0,0,0,0,0,0,0,0,0,0,0,0,0,0,0,0,0,0,0,0,0,1261336
"June 7, 2015",2121,136495,1011301,21,9700,16,0,0,0,0,0,0,0,0,0,0,0,0,0,0,0,0,0,0,0,0,0,0,0,0,0,1159654
"May 31, 2015",2120,144219,1014731,21,8368,27,0,0,0,0,0,0,0,0,0,0,0,0,0,0,0,0,0,0,0,0,0,0,0,0,0,1169486
"May 24, 2015",2092,137085,1009160,18,8194,17,0,0,0,0,0,0,0,0,0,0,0,0,0,0,0,0,0,0,0,0,0,0,0,0,0,1156566
"May 17, 2015",2119,138387,1019349,23,8053,15,0,0,0,0,0,0,0,0,0,0,0,0,0,0,0,0,0,0,0,0,0,0,0,0,0,1167946
"May 10, 2015",2149,146687,1026047,23,9072,19,0,0,0,0,0,0,0,0,0,0,0,0,0,0,0,0,0,0,0,0,0,0,0,0,0,1183997
"May 3, 2015",2160,150824,1049495,28,8574,28,0,0,0,0,0,0,0,0,0,0,0,0,0,0,0,0,0,0,0,0,0,0,0,0,0,1211109
"April 26, 2015",2179,143933,1012617,30,7911,16,0,0,0,0,0,0,0,0,0,0,0,0,0,0,0,0,0,0,0,0,0,0,0,0,0,1166686
"April 19, 2015",2194,144581,1016206,31,7377,13,0,0,0,0,0,0,0,0,0,0,0,0,0,0,0,0,0,0,0,0,0,0,0,0,0,1170402
"April 12, 2015",2204,143522,1014623,26,9077,15,0,0,0,0,0,0,0,0,0,0,0,0,0,0,0,0,0,0,0,0,0,0,0,0,0,1169467
"April 5, 2015",2270,146667,1024081,27,6697,21,0,0,0,0,0,0,0,0,0,0,0,0,0,0,0,0,0,0,0,0,0,0,0,0,0,1179763
"March 29, 2015",2241,148708,1037482,34,7012,16,0,0,0,0,0,0,0,0,0,0,0,0,0,0,0,0,0,0,0,0,0,0,0,0,0,1195493
"March 22, 2015",2303,163505,1072258,32,12085,18,0,0,0,0,0,0,0,0,0,0,0,0,0,0,0,0,0,0,0,0,0,0,0,0,0,1250201
"March 15, 2015",2461,173465,1102586,27,8658,21,0,0,0,0,0,0,0,0,0,0,0,0,0,0,0,0,0,0,0,0,0,0,0,0,0,1287218
"March 8, 2015",2289,164079,996244,33,7505,13,0,0,0,0,0,0,0,0,0,0,0,0,0,0,0,0,0,0,0,0,0,0,0,0,0,1170163
"March 1, 2015",2322,152014,993694,33,7569,17,0,0,0,0,0,0,0,0,0,0,0,0,0,0,0,0,0,0,0,0,0,0,0,0,0,1155649
"February 22, 2015",2336,153935,1002437,40,7407,8,0,0,0,0,0,0,0,0,0,0,0,0,0,0,0,0,0,0,0,0,0,0,0,0,0,1166163
"February 15, 2015",2380,155255,1021573,34,7034,9,0,0,0,0,0,0,0,0,0,0,0,0,0,0,0,0,0,0,0,0,0,0,0,0,0,1186285
"February 8, 2015",2387,152389,995615,42,7787,11,0,0,0,0,0,0,0,0,0,0,0,0,0,0,0,0,0,0,0,0,0,0,0,0,0,1158231
"February 1, 2015",2871,148669,967715,37,4613,14,0,0,0,0,0,0,0,0,0,0,0,0,0,0,0,0,0,0,0,0,0,0,0,0,0,1123919
"January 25, 2015",3102,148599,964125,39,4566,20,0,0,0,0,0,0,0,0,0,0,0,0,0,0,0,0,0,0,0,0,0,0,0,0,0,1120451
"January 18, 2015",3246,148450,953134,31,4356,9,0,0,0,0,0,0,0,0,0,0,0,0,0,0,0,0,0,0,0,0,0,0,0,0,0,1109226
"January 11, 2015",3492,149484,943934,45,3972,14,0,0,0,0,0,0,0,0,0,0,0,0,0,0,0,0,0,0,0,0,0,0,0,0,0,1100941
"January 4, 2015",3356,151484,936615,49,4530,12,0,0,0,0,0,0,0,0,0,0,0,0,0,0,0,0,0,0,0,0,0,0,0,0,0,1096046
"December 28, 2014",3233,152250,869147,45,3906,14,0,0,0,0,0,0,0,0,0,0,0,0,0,0,0,0,0,0,0,0,0,0,0,0,0,1028595
"December 21, 2014",3337,150044,882414,42,3759,13,0,0,0,0,0,0,0,0,0,0,0,0,0,0,0,0,0,0,0,0,0,0,0,0,0,1039609
"December 14, 2014",3793,151154,936828,52,4151,15,0,0,0,0,0,0,0,0,0,0,0,0,0,0,0,0,0,0,0,0,0,0,0,0,0,1095993
"December 7, 2014",3341,152273,950312,47,3626,16,0,0,0,0,0,0,0,0,0,0,0,0,0,0,0,0,0,0,0,0,0,0,0,0,0,1109615
"November 30, 2014",3409,154781,946174,59,3359,18,0,0,0,0,0,0,0,0,0,0,0,0,0,0,0,0,0,0,0,0,0,0,0,0,0,1107800
"November 23, 2014",3736,155662,944047,51,3618,12,0,0,0,0,0,0,0,0,0,0,0,0,0,0,0,0,0,0,0,0,0,0,0,0,0,1107126
"November 16, 2014",3501,159411,959851,53,3624,14,0,0,0,0,0,0,0,0,0,0,0,0,0,0,0,0,0,0,0,0,0,0,0,0,0,1126454
"November 9, 2014",3375,156463,942211,56,3496,17,0,0,0,0,0,0,0,0,0,0,0,0,0,0,0,0,0,0,0,0,0,0,0,0,0,1105618
"November 2, 2014",3487,162167,965196,53,3318,17,0,0,0,0,0,0,0,0,0,0,0,0,0,0,0,0,0,0,0,0,0,0,0,0,0,1134238
"October 26, 2014",3991,172302,958670,58,3335,22,0,0,0,0,0,0,0,0,0,0,0,0,0,0,0,0,0,0,0,0,0,0,0,0,0,1138378
"October 19, 2014",3727,172599,953428,71,3179,22,0,0,0,0,0,0,0,0,0,0,0,0,0,0,0,0,0,0,0,0,0,0,0,0,0,1133026
"October 12, 2014",3626,172186,964016,71,3115,19,0,0,0,0,0,0,0,0,0,0,0,0,0,0,0,0,0,0,0,0,0,0,0,0,0,1143033
"October 5, 2014",3888,172539,932851,86,2823,24,0,0,0,0,0,0,0,0,0,0,0,0,0,0,0,0,0,0,0,0,0,0,0,0,0,1112211
"September 28, 2014",3628,177259,922212,89,2599,32,0,0,0,0,0,0,0,0,0,0,0,0,0,0,0,0,0,0,0,0,0,0,0,0,0,1105819
"September 21, 2014",3781,176991,921542,95,1011,24,0,0,0,0,0,0,0,0,0,0,0,0,0,0,0,0,0,0,0,0,0,0,0,0,0,1103444
"September 14, 2014",3627,176787,921426,107,759,31,0,0,0,0,0,0,0,0,0,0,0,0,0,0,0,0,0,0,0,0,0,0,0,0,0,1102737
"September 7, 2014",3911,189189,916240,101,738,37,0,0,0,0,0,0,0,0,0,0,0,0,0,0,0,0,0,0,0,0,0,0,0,0,0,1110216
"August 31, 2014",4045,187209,912411,124,709,24,0,0,0,0,0,0,0,0,0,0,0,0,0,0,0,0,0,0,0,0,0,0,0,0,0,1104522
"August 24, 2014",3552,183744,897863,132,642,22,0,0,0,0,0,0,0,0,0,0,0,0,0,0,0,0,0,0,0,0,0,0,0,0,0,1085955
"August 17, 2014",3780,183616,896524,191,667,26,0,0,0,0,0,0,0,0,0,0,0,0,0,0,0,0,0,0,0,0,0,0,0,0,0,1084804
"August 10, 2014",3943,188706,901076,252,602,42,0,0,0,0,0,0,0,0,0,0,0,0,0,0,0,0,0,0,0,0,0,0,0,0,0,1094621
"August 3, 2014",3661,196390,914987,383,488,71,0,0,0,0,0,0,0,0,0,0,0,0,0,0,0,0,0,0,0,0,0,0,0,0,0,1115980
"July 27, 2014",3515,194317,894725,542,228,62,0,0,0,0,0,0,0,0,0,0,0,0,0,0,0,0,0,0,0,0,0,0,0,0,0,1093389
"July 20, 2014",3584,196058,889225,639,0,0,0,0,0,0,0,0,0,0,0,0,0,0,0,0,0,0,0,0,0,0,0,0,0,0,0,1089506
"July 13, 2014",3822,197689,890841,611,0,0,0,0,0,0,0,0,0,0,0,0,0,0,0,0,0,0,0,0,0,0,0,0,0,0,0,1092963
"July 6, 2014",3832,187114,881607,704,0,0,0,0,0,0,0,0,0,0,0,0,0,0,0,0,0,0,0,0,0,0,0,0,0,0,0,1073257
"June 29, 2014",3683,183495,876166,276,0,0,0,0,0,0,0,0,0,0,0,0,0,0,0,0,0,0,0,0,0,0,0,0,0,0,0,1063620
"June 22, 2014",3857,183853,874312,0,0,0,0,0,0,0,0,0,0,0,0,0,0,0,0,0,0,0,0,0,0,0,0,0,0,0,0,1062022
"June 15, 2014",3531,178723,828175,0,0,0,0,0,0,0,0,0,0,0,0,0,0,0,0,0,0,0,0,0,0,0,0,0,0,0,0,1010429
"June 8, 2014",3834,196449,851918,0,0,0,0,0,0,0,0,0,0,0,0,0,0,0,0,0,0,0,0,0,0,0,0,0,0,0,0,1052201
"June 1, 2014",3853,198674,845204,0,0,0,0,0,0,0,0,0,0,0,0,0,0,0,0,0,0,0,0,0,0,0,0,0,0,0,0,1047731
"May 25, 2014",4247,201433,842013,0,0,0,0,0,0,0,0,0,0,0,0,0,0,0,0,0,0,0,0,0,0,0,0,0,0,0,0,1047693
"May 18, 2014",3870,195655,826199,0,0,0,0,0,0,0,0,0,0,0,0,0,0,0,0,0,0,0,0,0,0,0,0,0,0,0,0,1025724
"May 11, 2014",3943,188041,823184,0,0,0,0,0,0,0,0,0,0,0,0,0,0,0,0,0,0,0,0,0,0,0,0,0,0,0,0,1015168
"May 4, 2014",3929,188598,814691,0,0,0,0,0,0,0,0,0,0,0,0,0,0,0,0,0,0,0,0,0,0,0,0,0,0,0,0,1007218
"April 27, 2014",4036,189155,806054,0,0,0,0,0,0,0,0,0,0,0,0,0,0,0,0,0,0,0,0,0,0,0,0,0,0,0,0,999245
"April 20, 2014",3772,191286,811445,0,0,0,0,0,0,0,0,0,0,0,0,0,0,0,0,0,0,0,0,0,0,0,0,0,0,0,0,1006503
"April 13, 2014",4015,192381,820740,0,0,0,0,0,0,0,0,0,0,0,0,0,0,0,0,0,0,0,0,0,0,0,0,0,0,0,0,1017136
"April 6, 2014",3958,194107,823921,0,0,0,0,0,0,0,0,0,0,0,0,0,0,0,0,0,0,0,0,0,0,0,0,0,0,0,0,1021986
"March 30, 2014",4316,208781,822322,0,0,0,0,0,0,0,0,0,0,0,0,0,0,0,0,0,0,0,0,0,0,0,0,0,0,0,0,1035419
"March 23, 2014",4380,216725,816092,0,0,0,0,0,0,0,0,0,0,0,0,0,0,0,0,0,0,0,0,0,0,0,0,0,0,0,0,1037197
"March 16, 2014",4940,216033,807889,0,0,0,0,0,0,0,0,0,0,0,0,0,0,0,0,0,0,0,0,0,0,0,0,0,0,0,0,1028862
"March 9, 2014",4965,209256,806769,0,0,0,0,0,0,0,0,0,0,0,0,0,0,0,0,0,0,0,0,0,0,0,0,0,0,0,0,1020990
"March 2, 2014",4936,207878,797827,0,0,0,0,0,0,0,0,0,0,0,0,0,0,0,0,0,0,0,0,0,0,0,0,0,0,0,0,1010641
"February 23, 2014",4912,211743,797575,0,0,0,0,0,0,0,0,0,0,0,0,0,0,0,0,0,0,0,0,0,0,0,0,0,0,0,0,1014230
"February 16, 2014",4581,206252,794639,0,0,0,0,0,0,0,0,0,0,0,0,0,0,0,0,0,0,0,0,0,0,0,0,0,0,0,0,1005472
"February 9, 2014",4957,209507,801213,0,0,0,0,0,0,0,0,0,0,0,0,0,0,0,0,0,0,0,0,0,0,0,0,0,0,0,0,1015677
"February 2, 2014",4986,205485,791162,0,0,0,0,0,0,0,0,0,0,0,0,0,0,0,0,0,0,0,0,0,0,0,0,0,0,0,0,1001633
"January 26, 2014",4633,204422,786779,0,0,0,0,0,0,0,0,0,0,0,0,0,0,0,0,0,0,0,0,0,0,0,0,0,0,0,0,995834
"January 19, 2014",4619,205689,788547,0,0,0,0,0,0,0,0,0,0,0,0,0,0,0,0,0,0,0,0,0,0,0,0,0,0,0,0,998855
"January 12, 2014",4640,205890,792233,0,0,0,0,0,0,0,0,0,0,0,0,0,0,0,0,0,0,0,0,0,0,0,0,0,0,0,0,1002763
"January 5, 2014",5147,219391,773622,0,0,0,0,0,0,0,0,0,0,0,0,0,0,0,0,0,0,0,0,0,0,0,0,0,0,0,0,998160
"December 29, 2013",4750,201320,728583,1,0,0,0,0,0,0,0,0,0,0,0,0,0,0,0,0,0,0,0,0,0,0,0,0,0,0,0,934654
"December 22, 2013",4773,198491,708919,0,0,0,0,0,0,0,0,0,0,0,0,0,0,0,0,0,0,0,0,0,0,0,0,0,0,0,0,912183
"December 15, 2013",4925,201096,760656,2,0,0,0,0,0,0,0,0,0,0,0,0,0,0,0,0,0,0,0,0,0,0,0,0,0,0,0,966679
"December 8, 2013",12584,201861,764725,0,0,0,0,0,0,0,0,0,0,0,0,0,0,0,0,0,0,0,0,0,0,0,0,0,0,0,0,979170
"December 1, 2013",4662,204197,762998,0,0,0,0,0,0,0,0,0,0,0,0,0,0,0,0,0,0,0,0,0,0,0,0,0,0,0,0,971857
"November 24, 2013",4962,203557,752954,0,0,0,0,0,0,0,0,0,0,0,0,0,0,0,0,0,0,0,0,0,0,0,0,0,0,0,0,961473
"November 17, 2013",5404,206090,766667,1,0,0,0,0,0,0,0,0,0,0,0,0,0,0,0,0,0,0,0,0,0,0,0,0,0,0,0,978162
"November 10, 2013",5698,205980,754763,0,0,0,0,0,0,0,0,0,0,0,0,0,0,0,0,0,0,0,0,0,0,0,0,0,0,0,0,966441
"November 3, 2013",5855,207314,747342,0,0,0,0,0,0,0,0,0,0,0,0,0,0,0,0,0,0,0,0,0,0,0,0,0,0,0,0,960511
"October 27, 2013",4989,217118,735347,0,0,0,0,0,0,0,0,0,0,0,0,0,0,0,0,0,0,0,0,0,0,0,0,0,0,0,0,957454
"October 20, 2013",5121,229427,737734,0,0,0,0,0,0,0,0,0,0,0,0,0,0,0,0,0,0,0,0,0,0,0,0,0,0,0,0,972282
"October 13, 2013",4495,234696,732660,0,0,0,0,0,0,0,0,0,0,0,0,0,0,0,0,0,0,0,0,0,0,0,0,0,0,0,0,971851
"October 6, 2013",5434,218449,733432,0,0,0,0,0,0,0,0,0,0,0,0,0,0,0,0,0,0,0,0,0,0,0,0,0,0,0,0,957315
"September 29, 2013",4872,227213,726338,0,0,0,0,0,0,0,0,0,0,0,0,0,0,0,0,0,0,0,0,0,0,0,0,0,0,0,0,958423
"September 22, 2013",5261,228202,723315,1,0,0,0,0,0,0,0,0,0,0,0,0,0,0,0,0,0,0,0,0,0,0,0,0,0,0,0,956779
"September 15, 2013",5426,226869,723135,0,0,0,0,0,0,0,0,0,0,0,0,0,0,0,0,0,0,0,0,0,0,0,0,0,0,0,0,955430
"September 8, 2013",5067,224209,719881,0,0,0,0,0,0,0,0,0,0,0,0,0,0,0,0,0,0,0,0,0,0,0,0,0,0,0,0,949157
"September 1, 2013",4821,220257,708235,0,0,0,0,0,0,0,0,0,0,0,0,0,0,0,0,0,0,0,0,0,0,0,0,0,0,0,0,933313
"August 25, 2013",4846,228044,706128,0,0,0,0,0,0,0,0,0,0,0,0,0,0,0,0,0,0,0,0,0,0,0,0,0,0,0,0,939018
"August 18, 2013",4482,230468,702635,0,0,0,0,0,0,0,0,0,0,0,0,0,0,0,0,0,0,0,0,0,0,0,0,0,0,0,0,937585
"August 11, 2013",5979,226848,689600,0,0,0,0,0,0,0,0,0,0,0,0,0,0,0,0,0,0,0,0,0,0,0,0,0,0,0,0,922427
"August 4, 2013",4591,225256,688017,1,0,0,0,0,0,0,0,0,0,0,0,0,0,0,0,0,0,0,0,0,0,0,0,0,0,0,0,917865
"July 28, 2013",4622,220222,681279,0,0,0,0,0,0,0,0,0,0,0,0,0,0,0,0,0,0,0,0,0,0,0,0,0,0,0,0,906123
"July 21, 2013",5102,223440,681987,0,0,0,0,0,0,0,0,0,0,0,0,0,0,0,0,0,0,0,0,0,0,0,0,0,0,0,0,910529
"July 14, 2013",5428,222489,682655,0,0,0,0,0,0,0,0,0,0,0,0,0,0,0,0,0,0,0,0,0,0,0,0,0,0,0,0,910572
"July 7, 2013",5646,223163,677948,0,0,0,0,0,0,0,0,0,0,0,0,0,0,0,0,0,0,0,0,0,0,0,0,0,0,0,0,906757
"June 30, 2013",5706,229617,671540,0,0,0,0,0,0,0,0,0,0,0,0,0,0,0,0,0,0,0,0,0,0,0,0,0,0,0,0,906863
"June 23, 2013",5871,225238,673137,0,0,0,0,0,0,0,0,0,0,0,0,0,0,0,0,0,0,0,0,0,0,0,0,0,0,0,0,904246
"June 16, 2013",5865,225562,669098,0,0,0,0,0,0,0,0,0,0,0,0,0,0,0,0,0,0,0,0,0,0,0,0,0,0,0,0,900525
"June 9, 2013",5846,225263,666573,0,0,0,0,0,0,0,0,0,0,0,0,0,0,0,0,0,0,0,0,0,0,0,0,0,0,0,0,897682
"June 2, 2013",6057,228953,670379,0,0,0,0,0,0,0,0,0,0,0,0,0,0,0,0,0,0,0,0,0,0,0,0,0,0,0,0,905389
"May 26, 2013",7324,229979,642589,0,0,0,0,0,0,0,0,0,0,0,0,0,0,0,0,0,0,0,0,0,0,0,0,0,0,0,0,879892
"May 19, 2013",5792,203420,556525,0,0,0,0,0,0,0,0,0,0,0,0,0,0,0,0,0,0,0,0,0,0,0,0,0,0,0,0,765737
"May 12, 2013",5836,236270,652639,0,0,0,0,0,0,0,0,0,0,0,0,0,0,0,0,0,0,0,0,0,0,0,0,0,0,0,0,894745
"May 5, 2013",6211,238115,639876,0,0,0,0,0,0,0,0,0,0,0,0,0,0,0,0,0,0,0,0,0,0,0,0,0,0,0,0,884202
"April 28, 2013",6121,239659,632216,0,0,0,0,0,0,0,0,0,0,0,0,0,0,0,0,0,0,0,0,0,0,0,0,0,0,0,0,877996
"April 21, 2013",6419,236173,641634,0,0,0,0,0,0,0,0,0,0,0,0,0,0,0,0,0,0,0,0,0,0,0,0,0,0,0,0,884226
"April 14, 2013",6407,238441,639581,0,0,0,0,0,0,0,0,0,0,0,0,0,0,0,0,0,0,0,0,0,0,0,0,0,0,0,0,884429
"April 7, 2013",7145,235997,642073,0,0,0,0,0,0,0,0,0,0,0,0,0,0,0,0,0,0,0,0,0,0,0,0,0,0,0,0,885215
"March 31, 2013",7355,232625,629605,0,0,0,0,0,0,0,0,0,0,0,0,0,0,0,0,0,0,0,0,0,0,0,0,0,0,0,0,869585
"March 24, 2013",7476,225273,622869,0,0,0,0,0,0,0,0,0,0,0,0,0,0,0,0,0,0,0,0,0,0,0,0,0,0,0,0,855618
"March 17, 2013",7766,233493,624896,0,0,0,0,0,0,0,0,0,0,0,0,0,0,0,0,0,0,0,0,0,0,0,0,0,0,0,0,866155
"March 10, 2013",8288,241528,619084,0,0,0,0,0,0,0,0,0,0,0,0,0,0,0,0,0,0,0,0,0,0,0,0,0,0,0,0,868900
"March 3, 2013",7670,245481,618745,0,0,0,0,0,0,0,0,0,0,0,0,0,0,0,0,0,0,0,0,0,0,0,0,0,0,0,0,871896
"February 24, 2013",10667,253712,614742,0,0,0,0,0,0,0,0,0,0,0,0,0,0,0,0,0,0,0,0,0,0,0,0,0,0,0,0,879121
"February 17, 2013",10415,266199,609742,0,0,0,0,0,0,0,0,0,0,0,0,0,0,0,0,0,0,0,0,0,0,0,0,0,0,0,0,886356
"February 10, 2013",10696,248157,595321,0,0,0,0,0,0,0,0,0,0,0,0,0,0,0,0,0,0,0,0,0,0,0,0,0,0,0,0,854174
"February 3, 2013",5895,247579,597716,0,0,0,0,0,0,0,0,0,0,0,0,0,0,0,0,0,0,0,0,0,0,0,0,0,0,0,0,851190
"January 27, 2013",7003,245013,590114,0,0,0,0,0,0,0,0,0,0,0,0,0,0,0,0,0,0,0,0,0,0,0,0,0,0,0,0,842130
"January 20, 2013",9854,246508,582348,0,0,0,0,0,0,0,0,0,0,0,0,0,0,0,0,0,0,0,0,0,0,0,0,0,0,0,0,838710
"January 13, 2013",11526,248866,577081,0,0,0,0,0,0,0,0,0,0,0,0,0,0,0,0,0,0,0,0,0,0,0,0,0,0,0,0,837473
"January 6, 2013",6746,254538,560987,0,0,0,0,0,0,0,0,0,0,0,0,0,0,0,0,0,0,0,0,0,0,0,0,0,0,0,0,822271
"December 30, 2012",6820,241517,522438,0,0,0,0,0,0,0,0,0,0,0,0,0,0,0,0,0,0,0,0,0,0,0,0,0,0,0,0,770775
"December 23, 2012",6679,236892,507347,0,0,0,0,0,0,0,0,0,0,0,0,0,0,0,0,0,0,0,0,0,0,0,0,0,0,0,0,750918
"December 16, 2012",6733,249568,545209,0,0,0,0,0,0,0,0,0,0,0,0,0,0,0,0,0,0,0,0,0,0,0,0,0,0,0,0,801510
"December 9, 2012",6516,254974,546315,0,0,0,0,0,0,0,0,0,0,0,0,0,0,0,0,0,0,0,0,0,0,0,0,0,0,0,0,807805
"December 2, 2012",14104,267016,545146,0,0,0,0,0,0,0,0,0,0,0,0,0,0,0,0,0,0,0,0,0,0,0,0,0,0,0,0,826266
"November 25, 2012",7122,260822,546010,0,0,0,0,0,0,0,0,0,0,0,0,0,0,0,0,0,0,0,0,0,0,0,0,0,0,0,0,813954
"November 18, 2012",7316,259915,532902,0,0,0,0,0,0,0,0,0,0,0,0,0,0,0,0,0,0,0,0,0,0,0,0,0,0,0,0,800133
"November 11, 2012",6814,255362,534817,0,0,0,0,0,0,0,0,0,0,0,0,0,0,0,0,0,0,0,0,0,0,0,0,0,0,0,0,796993
"November 4, 2012",6828,254395,531269,0,0,0,0,0,0,0,0,0,0,0,0,0,0,0,0,0,0,0,0,0,0,0,0,0,0,0,0,792492
"October 28, 2012",7035,254197,516266,0,0,0,0,0,0,0,0,0,0,0,0,0,0,0,0,0,0,0,0,0,0,0,0,0,0,0,0,777498
"October 21, 2012",6767,257790,517920,0,0,0,0,0,0,0,0,0,0,0,0,0,0,0,0,0,0,0,0,0,0,0,0,0,0,0,0,782477
